:02000000ff00ff
:080002004c6174746963650030
:17000a00694345637562653220323032302e31322e32373934330071
:16002100506172743a2069434534304858344b2d545131343400f9
:1a003700446174653a20417567203520323032352031343a30323a353100bb
:0200510000ffae
:040053007eaa997e6a
:02005700510056
:0200590001059f
:03005b00920020f0
:03005e00620367d3
:0300610072011019
:0300640082000017
:02006700110086
:02006900010193
:20006b00000000000000000000000000000000000000000000000000000000000000000075
:20008b00000000000000000000000010000000000000000000000000000000000000000045
:2000ab00000000000000000000000000000000000000000000000000000000000000000035
:0d00cb000000000000000800000000000020
:2000d8000000000000000000000000000000000000000000000000000d00000000000000fb
:2000f800000000000000000000000000000000000000000d000000000000000000000000db
:200118000000000000000000000000000000000000000000000000000000000000000000c7
:0d01380000000000000000000000000000ba
:2001450000000000000000000000000000000000000000000000000000000000000000009a
:2001650000000000000000000000001000000000000000000000000000000000000000006a
:2001850000000000000000000000000000000000000000000000000000000000000000005a
:0d01a50000000000000004007000000000d9
:2001b20000000000000000000000000000000000000000000000000000000000000000002d
:2001d20000000000000000000000000000000000000000000000000000000000000000000d
:2001f2000000000000000000000000000000000000000000000000000000000000000000ed
:0d021200000000000000000080000000005f
:20021f000000000000000000000000000000000000000000000000000000000000000000bf
:20023f0000000000000000000000002000000040000000000000000000000000000000003f
:20025f0000000000000000000000000000000000000000000000000000000000000000007f
:0d027f00000000000000080000003000003a
:20028c00000000000000000000000000000000000000000000000000000000000000000052
:2002ac00000000000000000000000000000003c0000000000000000000000000000000006f
:2002cc00000000000000000000000000000000000000000000000000000000000000000012
:0d02ec0000000000000000000000100000f5
:2002f9000000000000000000000000000000000000000000000000000001000000000000e4
:200319000000000000000000000000100000000000000000010000000000000000000000b3
:200339000000000000000000000000000000000000000000000000000000000000000000a4
:0d0359000000000000000000000000000097
:20036600000000000000000000000000000000000000000000000000000000000000000077
:20038600000000000000000000000020000000000000000000000000000000000000000037
:2003a600000000000000000000000000000000000000000000000000000000000000000037
:0d03c600000000000000000000000000002a
:2003d300000000000000000000000000000000000000000000000000000200000000000008
:2003f30000000000000000000000000000c0400000000000020000000000000000000000e8
:200413000000000000000000000000000000000000000000000000000000000000000000c9
:0d04330000000000000000000000000000bc
:2004400000000000000000000000000000000000000000002000000000000000000000007c
:2004600000000000000000000000000000200020000000000000000000000000000000003c
:2004800000000000000000000000000000000000000000000000000000000000000000005c
:0d04a000000000000000000000000000004f
:2004ad0000000000000000000000000000000000000000000000004007000d0000000000db
:2004cd000000000000000000000000000000000000004007000d00000000000000000000bb
:2004ed000000000000000000000000000000000000000000000000000000000000000000ef
:0d050d0000000000000000000000000000e1
:20051a0000000000000000000000000000000000000000000000004008000d00000000006c
:20053a000000000000000000000000000000000000004000000d0000000000000000000054
:20055a00000000000000000000000000000000000000000000000000000000000000000081
:0d057a000000000000000000000000000074
:20058700000000000000000000000000000000000000000000000000000000000000000054
:2005a700000000000000000000000000000000000000000000000000000000000000000034
:2005c700000000000000000000000000000000000000000000000000000000000000000014
:0d05e7000000000000000000000000000007
:2005f4000000000000000000000000000000000000000000000000400000000000000000a7
:20061400000000000000000000000000034000000000400010000000000000000000000033
:200634000000000000000000000000000000000000000000000000000000000000000000a6
:0d0654000000000000000000000000000099
:20066100000000000000000000000000000000000000000000000040000000000000000039
:20068100000000000000000000000000000040000000000000000000000000000000000019
:2006a100000000000000000000000000000000000000000000000000000000000000000039
:0d06c100000000000000000000100000001c
:2006ce0000000000000000000000000000000000000000000000008000000000000000008c
:2006ee0000000000000000000000000000000000000080000000000000000000000000006c
:20070e000000000000000000000000000000000000000000000000000000000000000000cb
:0d072e0000000000000000000000000000be
:20073b0000000000000000000000000000000000000000000000000000000000000000009e
:20075b0000000000000000000000000000000000000000000000000000000000000000007e
:20077b0000000000000000000000000000000000000000000000000000000000000000005e
:0d079b000000000000000000000000000051
:2007a800000000000000000000000000000000000000000000000000000000000000000031
:2007c800000000000000000000000000000000000000000000000000000000000000000011
:2007e8000000000000000000000000000000000000000000000000000000000000000000f1
:0d08080000000000000000000000000000e3
:200815000000000000000000000000000000000000000000000000000000000000000000c3
:200835000000000000000000000000000000000000000000000000000000000000000000a3
:20085500000000000000000000000000000000000000000000000000000000000000000083
:0d0875000000000000000000000000000076
:20088200000000000000000000000000000000000000000000000000000000000000000056
:2008a200000000000000000000000000000000000000000000000000000000000000000036
:2008c200000000000000000000000000000000000000000000000000000000000000000016
:0d08e2000000000000000000000000000009
:2008ef000000000000000000000000000000000000000000000000000000000000000000e9
:20090f000000000000000000000000000000000000000000000000000000000000000000c8
:20092f000000000000000000000000000000000000000000000000000000000000000000a8
:0d094f00000000000000000000000000009b
:20095c0000000000000000000000000000000000000000000000000000000000000000007b
:20097c0000000000000000000000000000000000000000000000000000000000000000005b
:20099c0000000000000000000000000000000000000000000000000000000000000000003b
:0d09bc00000000000000000000000000002e
:2009c90000000000000000000000000000000000000000000000010000000000000000000d
:2009e9000000000000000000000000000000000000000000000000000000000000000000ee
:200a09000000000000000000000000000000000000000000000000000000000000000000cd
:0d0a290000000000000000000000000000c0
:200a36000000000000000000000000000000000000000000000000000000000000000000a0
:200a5600000000000000000000000000000000000000000000000000000000000000000080
:200a7600000000000000000000000000000000000000000000000000000000000000000060
:0d0a96000000000000000000000000000053
:200aa300000000000000000000000000000000000000000000000000000000000000000033
:200ac300000000000000000000000000000000000000000000000000000000000000000013
:200ae3000000000000000000000000000000000000000000000000000000000000000000f3
:0d0b030000000000000000000000000000e5
:200b10000000000000000000000000000000000000000000000000000000000000000000c5
:200b30000000000000000000000000000000000000000000000000000000000000000000a5
:200b5000000000000000000000000000000000000000000000000000000000000000000085
:0d0b70000000000000000000000000000078
:200b7d00000000000000000000000000000000000000000000000000000000000000000058
:200b9d00000000000000000000000000000000000000000000000000000000000000000038
:200bbd00000000000000000000000000000000000000000000000000000000000000000018
:0d0bdd00000000000000000000000000000b
:200bea000000000000000000000000000000000000000000000000000000000000000000eb
:200c0a000000000000000000000000000000000000000000000000000000000000000000ca
:200c2a000000000000000000000000000000000000000000000000000000000000000000aa
:0d0c4a00000000000000000000000000009d
:200c570000000000000000000000000000000000000000000000000000000000000000007d
:200c770000000000000000000000000000000000000000000000000000000000000000005d
:200c970000000000000000000000000000000000000000000000000000000000000000003d
:0d0cb7000000000000000000000000000030
:200cc400000000000000000000000000000000000000000000000000000000000000000010
:200ce4000000000000000000000000000000000000000000000000000000000000000000f0
:200d04000000000000000000000000000000000000000000000000000000000000000000cf
:0d0d240000000000000000000000000000c2
:200d31000000000000000000000000000000000000000000000000000000000000000000a2
:200d5100000000000000000000000000000000000000000000000000000000000000000082
:200d7100000000000000000000000000000000000000000000000000000000000000000062
:0d0d91000000000000000000000000000055
:200d9e00000000000000000000000000000000000000000000000000000000000000000035
:200dbe00000000000000000000000000000000000000000000000000000000000000000015
:200dde000000000000000000000000000000000000000000000000000000000000000000f5
:0d0dfe0000000000000000000000000000e8
:200e0b000000000000000000000000000000000000000000000000000000000000000000c7
:200e2b000000000000000000000000000000000000000000000000000000000000000000a7
:200e4b00000000000000000000000000000000000000000000000000000000000000000087
:0d0e6b00000000000000000000000000007a
:200e780000000000000000000000000000000000000000000000000000000000000000005a
:200e980000000000000000000000000000000000000000000000000000000000000000003a
:200eb80000000000000000000000000000000000000000000000000000000000000000001a
:0d0ed800000000000000000000000000000d
:200ee5000000000000000000000000000000000000000000000000000000000000000000ed
:200f05000000000000000000000000000000000000000000000000000000000000000000cc
:200f25000000000000000000000000000000000000000000000000000000000000000000ac
:0d0f4500000000000000000000000000009f
:200f520000000000000000000000000000000000000000000000000000000000000000007f
:200f720000000000000000000000000000000000000000000000000000000000000000005f
:200f920000000000000000000000000000000000000000000000000000000000000000003f
:0d0fb2000000000000000000000000000032
:200fbf00000000000000000000000000000000000000000000000000000000000000000012
:200fdf000000000000000000000000000000000000000000000000000000000000000000f2
:200fff000000000000000000000000000000000000000000000000000000000000000000d2
:0d101f0000000000000000000000000000c4
:20102c000000000000000000000000000000000000000000000000000000000000000000a4
:20104c00000000000000000000000000000000000000000000000000000000000000000084
:20106c00000000000000000000000000000000000000000000000000000000000000000064
:0d108c000000000000000000000000000057
:20109900000000000000000000000000000000000000000000000000000000000000000037
:2010b900000000000000000000000000000000000000000000000000000000000000000017
:2010d9000000000000000000000000000000000000000000000000000000000000000000f7
:0d10f90000000000000000000000000000ea
:201106001000000000000000000000000000000000000000000000000000000000000000b9
:201126000000000000000000000000000000000000000000000000000000000000000000a9
:20114600000000000000000000000000000000000000000000000000000000000000000089
:0d116600000000000000000000000000007c
:2011730000000000000000000000000000000000000000000000000000000000000000005c
:2011930000000000000000000000000000000000000000000000000000000000000000003c
:2011b30000000000000000000000000000000000000000000000000000000000000000001c
:0d11d300000000000000000000000000000f
:2011e0000000000000000000000000000000000000000000000000000000000000000000ef
:201200000000000000000000000000000000000000000000000000000000000000000000ce
:201220000000000000000000000000000000000000000000000000000000000000000000ae
:0d12400000000000000000000000000000a1
:20124d00000000000000000000000000000000000000000000000000000000000000000081
:20126d00000000000000000000000000000000000000000000000000000000000000000061
:20128d00000000000000000000000000000000000000000000000000000000000000000041
:0d12ad000000000000000000000000000034
:2012ba00000000000000000000000000000000000000000000000000000000000000000014
:2012da000000000000000000000000000000000000000000000000000000000000000000f4
:2012fa000000000000000000000000000000000000000000000000000000000000000000d4
:0d131a0000000000000000000000000000c6
:201327000000000000000000000000000000000000000000000000000000000000000000a6
:20134700000000000000000000000000000000000000200000000000000000000000000066
:20136700000000000000000000000000000000000000000000000000000000000000000066
:0d1387000000000000000000000000000059
:20139400000000000000000000000000000000000000000000000000000000000000000039
:2013b4000000000000000000000000000000000000004000000000000000000000000000d9
:2013d4000000000000000000000000000000000000000000000000000000000000000000f9
:0d13f40000000000000000000000000000ec
:201401000000000000000000000000000000000000000000000000000000000000000000cb
:201421000000000000000000000000000000000000000000000000000000000000000000ab
:2014410000000000000000000000000000000000000000000000000000000000000000008b
:0d146100000000000000000000000000007e
:20146e0000000000000000000000000000000000000000000000000000000000000000005e
:20148e0000000000000000000000000000000000000000000000000000000000000000003e
:2014ae0000000000000000000000000000000000000000000000000000000000000000001e
:0d14ce000000000000000000000000000011
:2014db000000000000000000000000000000000000000000000000000000000000000000f1
:2014fb000000000000000000000000000000000000000000000000000000000000000000d1
:20151b000000000000000000000000000000000000000000000000000000000000000000b0
:0d153b0000000000000000000000000000a3
:20154800000000000000000000000000000000000000000000000000000000000000000083
:20156800000000000000000000000000000000000000000000000000000000000000000063
:20158800000000000000000000000000000000000000000000000000000000000000000043
:0d15a8000000000000000000000000000036
:2015b500000000000000000000000000000000000000000000000000000000000000000016
:2015d5000000000000000000000000000000000000000000000000000000000000000000f6
:2015f5000000000000000000000000000000000000000000000000000000000000000000d6
:0d16150000000000000000000000000000c8
:201622000000000000000000000000000000000000000000000000000000000000000000a8
:20164200000000000000000000000000000000000000000000000000000000000000000088
:20166200000000000000000000000000000000000000000000000000000000000000000068
:0d168200000000000000000000000000005b
:20168f0000000000000000000000000000000000000000000000000000000000000000003b
:2016af0000000000000000000000000000000000000000000000000000000000000000001b
:2016cf000000000000000000000000000000000000000000000000000000000000000000fb
:0d16ef0000000000000000000000000000ee
:2016fc000000000000000000000000000000000000000000000000000000000000000000ce
:20171c000000000000000000000000000000000000000000000000000000000000000000ad
:20173c0000000000000000000000000000000000000000000000000000000000000000008d
:0d175c000000000000000000000000000080
:20176900000000000000000000000000000000000000000000000000000000000000000060
:20178900000000000000000000000000000000000000000000000000000000000000000040
:2017a900000000000000000000000000000000000000000000000000000000000000000020
:0d17c9000000000000000000000000000013
:2017d6000000000000000000000000000000000000000000000000000000000000000000f3
:2017f6000000000000000000000000000000000000000000000000000000000000000000d3
:201816000000000000000000000000000000000000000000000000000000000000000000b2
:0d18360000000000000000000000000000a5
:20184300000000000000000000000000000000000000000000000000000000000000000085
:20186300000000000000000000000000000000000000000000000000000000000000000065
:20188300000000000000000000000000000000000000000000000000000000000000000045
:0d18a3000000000000000000000000000038
:2018b000000000000000000000000000000000000000000000000000000000000000000018
:2018d0000000000000000000000000000000000000000000000000000000000000000000f8
:2018f0000000000000000000000000000000000000000000000000000000000000000000d8
:0d19100000000000000000000000000000ca
:20191d000000000000000000000000000000000000000000000000000000000000000000aa
:20193d0000000000000000000000000000000000000000000000000000000000000000008a
:20195d0000000000000000000000000000000000000000000000000000000000000000006a
:0d197d00000000000000000000000000005d
:20198a0000000000000000000000000000000000000000000000000000000000000000003d
:2019aa0000000000000000000000000000000000000000000000000000000000000000001d
:2019ca000000000000000000000000000000000000000000000000000000000000000000fd
:0d19ea0000000000000000000000000000f0
:2019f7000000000000000000000000000000000000000000000000000000000000000000d0
:201a17000000000000000000000000000000000000000000000000000000000000000000af
:201a370000000000000000000000000000000000000000000000000000000000000000008f
:0d1a57000000000000000000000000000082
:201a6400000000000000000000000000000000000000000000000000000000000000000062
:201a8400000000000000000000000000000000000000000000000000000000000000000042
:201aa400000000000000000000000000000000000000000000000000000000000000000022
:0d1ac4000000000000000000000000000015
:201ad1000000000000000000000000000000000000000000000000000000000000000000f5
:201af1000000000000000000000000000000000000000000000000000000000000000000d5
:201b11000000000000000000000000000000000000000000000000000000000000000000b4
:0d1b310000000000000000000000000000a7
:201b3e00000000000000000000000000000000000000000000000000000000000000000087
:201b5e00000000000000000000000000000000000000000000000000000000000000000067
:201b7e00000000000000000000000000000000000000000000000000000000000000000047
:0d1b9e00000000000000000000000000003a
:201bab004000000000000000000000000000000000000000000000000000000000000000da
:201bcb000000000000000000000000000000000000000000000000000000000000000000fa
:201beb000000000000000000000000000000000000000000000000000000000000000000da
:0d1c0b0000000000000000000000000000cc
:201c180080020000000000000000000000000000000000000000000a000000000000000020
:201c380000000000000000000000000000000000000000000000000000000000000000008c
:201c580000000000000000000000000000000000000000000000000000000000000000006c
:0d1c780000000000000000c000000000009f
:201c850000000000000000000000000000000000000000000000000000000000000000003f
:201ca5000000000000000000000000400000000000000000000000000000000000000000df
:201cc5000000000000040000000000000000000000000000000000000000000000000000fb
:0d1ce50000000000000000000000000000f2
:201cf200800000000000000000000000000000000000000000000000000000000000000052
:201d12000000000000000000000000000000000000000600000000000000000000000000ab
:201d3200000000000000000000000000000000000000000000000000000000000000000091
:0d1d52000000000000000000000000000084
:201d5f008600000000000000000000000000000000000000000000000000000000000000de
:201d7f00000000000000000000000000000000000000000000000000000000000000000044
:201d9f000000000000000000000000000000000000004000000000000000000000000000e4
:0d1dbf000000000000000000000000000017
:201dcc008f0000000000000000000000000000000000000000000100000000000000000067
:201dec000000000000000000000000000000000000000000000000000000000000000000d7
:201e0c000000000000000000000000000000000000000000000000000000000000000000b6
:0d1e2c0000000000000000000000000000a9
:201e3900000100000000000000000000000000000000000000000000000000000000000088
:201e5900000000000000000000000028000000000000000000000000000000000000000041
:201e7900000000000000000000000000000000000000000000000000000000000000000049
:0d1e9900000000000000000000000000003c
:201ea60000000000000000000000000000000000000000000000010000000000000000001b
:201ec6000000000000000000000000100000000000000000000000000000000000000000ec
:201ee6000000000000000000000000100000000000000000000000000000000000000000cc
:0d1f060000000000000010000000000000be
:201f13000000000000000000000000000000000000000000000000000000000000000000ae
:201f330000000000000000000000000000000000000200000000000000000000000000008c
:201f530000000000000000000000000000000000000000000000000000000000000000006e
:0d1f73000000000000000000000000000061
:201f800000020000000000000000000000000000000000000000000000000000000000003f
:201fa000000000000000000000000000000000000000000000000000000000000000000021
:201fc000000000000000000000000000000000000000000000000000000000000000000001
:0d1fe00000000000000000000000000000f4
:201fed004c3400000000000000000000000000000000000000000000000000000004000050
:20200d000000000000000000000000000000000000000000000000000000000000000000b3
:20202d00000000000000000000000000000000000000000000000000000000000000000093
:0d204d000000000000000000000000000086
:20205a000c2800000000000000000000000000000000000000000000000000000000000032
:20207a00000000000000000000000000000000000000000000000000000000000000000046
:20209a00000000000000000000000000000000000000000000000000000000000000000026
:0d20ba000000000000000000000000000019
:2020c7000000000000000000000000000000000000000000000000000000000000000000f9
:2020e7000000000000000000000000000000000000000000000000000000000000000000d9
:202107000000000000000000000000000000000000000000000000000000000000000000b8
:0d21270000000000000000000000000000ab
:2021340080000000000000000000000000000000000000000000000000000000000000000b
:2021540000000000000000000000000000000000000000000000000000000000000000006b
:2021740000000000000000000000000000000000000000004000000000000000000000000b
:0d219400000000000000000000000000003e
:2021a1004000000000000000000000000000000000000000000000000000000000000000de
:2021c1000000000000000000000000000000000000000000000000000000000000000000fe
:2021e1000000000000000000000000000000000000000000000000000000000000000000de
:0d22010000000000000000000000000000d0
:20220e00003000000000000000000000000000000000000000000000000000000000000080
:20222e00000000000000000000000000000000000000000000000000000000000000000090
:20224e00000000000000000000000000000000000000000000000000000000000000000070
:0d226e000000000000000000000000000063
:20227b00400000000000000000000000000000000000000000000000000000000000000003
:20229b00000000000000000000000000000000000000000000000000000000000000000023
:2022bb00000000000000000000000000000000000000000000000000000000000000000003
:0d22db0000000000000000000000000000f6
:2022e8000000000000000000000000000000000000000000000000000000000000000000d6
:202308000000000000000000000000000000000000000000000000000000000000000000b5
:20232800000000000000000000000000000000000000000000000000000000000000000095
:0d2348000000000000000000000000000088
:20235500000000000000000000000000000000001000000000000000000000000000000058
:20237500000000000000000000000000000000000000000000000000000000000000000048
:20239500000000000000000000000000000000000000000000000000000000000000000028
:0d23b500000000000000000000000000001b
:2023c200800000000000000000000000000000000800000000000000000000000000000073
:2023e2000000000000000000000000000000000000000000000000000000000000000000db
:202402000000000000000000000000000000000000000000000000000000000000000000ba
:0d24220000000000000000000000000000ad
:20242f0081700000000000000000000000000000000000000000000000000000000000009c
:20244f0000000000000000000000000000000000000000000000000000000000000000006d
:20246f0000000000000000000000000000000000000000000000000000000000000000004d
:0d248f000000000000000000000000000040
:20249c0082400000000000000000000000000000000000000000010000000000000000005d
:2024bc00000000000000000000000000000000000000000000000000000000000000000000
:2024dc000000000000000000000000000000000000000000000000000000000000000000e0
:0d24fc0000000000000000000000000000d3
:202509000001000000000000000000000000000000000000000000000000000000000000b1
:20252900000000000000000000000000000000000000000000000000000000000000000092
:20254900000000000000000000000000000000000000000000000000000000000000000072
:0d2569000000000000000000000000000065
:20257600000000000000000000000000000000000000000000000000000000000000000045
:20259600000000000000000000000000000000000000000000000000000000000000000025
:2025b600000000000000000000000000000000000000000000000000000000000000000005
:0d25d60000000000000000000000000000f8
:2025e3000000000000000000000000000000000000000000000000000000000000000000d8
:202603000000000000000000000000000000000000000000000000000000000000000000b7
:20262300000000000000000000000000000000000000000000000000000000000000000097
:0d264300000000000000000000000000008a
:20265000000200000000000000000000000000000000000000000000000000000000000068
:2026700000000000000000000000000000000000000000000000000000000000000000004a
:2026900000000000000000000000000000000000000000000000000000000000000000002a
:0d26b000000000000000000000000000001d
:2026bd000000000000000000000000000000000000000000000000000000000000000000fd
:2026dd000000000000000000000000000000000000000000000000000000000000000000dd
:2026fd000000000000000000000000000000000000000000000000000000000000000000bd
:0d271d0000000000000000000000000000af
:20272a0000000000000000000000000000000000000000000000000000000000000000008f
:20274a0000000000000000000000000000000000000000000000000000000000000000006f
:20276a0000000000000000000000000000000000000000000000000000000000000000004f
:0d278a000000000000000000000000000042
:20279700000000000000000000000000000000000000000000000000000000000000000022
:2027b700000000000000000000000000000000000000000000000000000000000000000002
:2027d7000000000000000000000000000000000000000000000000000200000000000000e0
:0d27f70000000000000000000000000000d5
:202804000000000000000000000000000000000000000000000000000000000000000000b4
:20282400000000000000000000000000000000000000000000000000000000000000000094
:20284400000000000000000000000000000000000000000000000000000000000000000074
:0d2864000000000000000000000000000067
:20287100000000000000000000000000000000000000000000000000000000000000000047
:20289100000000000000000000000000000000000000000000000000000000000000000027
:2028b100000000000000000000000000000000000000000000000000000000000000000007
:0d28d10000000000000000000000000000fa
:2028de000000000000000000000000000000000000000000000000000000000000000000da
:2028fe000000000000000000000000000000000000000000000000000000000000000000ba
:20291e00000000000000000000000000000000000000000000000000000000000000000099
:0d293e00000000000000000000000000008c
:20294b0040000000000000000000000000000000000000000000000000000000000000002c
:20296b0000000000000000000000000000000000000000000000000000000000000000004c
:20298b0000000000010000000000000000000000000000000000000000000000000000002b
:0d29ab00000000000000000000000000001f
:2029b8008002800000000000000000000000000000000000000000000000000000000000fd
:2029d8000000000000000000000000000000000000000000000000000000000000000000df
:2029f8000000000002000000000000000000000000000000000000000000000000000000bd
:0d2a180000000000000000000000000000b1
:202a2500000000000000000000000000000000000000000000000000000000000000000091
:202a450000000000020000000000000000000000000000000000000000000000000000006f
:202a650000000000000400000000000000000000000000000000000000000000000000004d
:0d2a85000000000000000000000000000044
:202a92008000000000000000000000000000000002000000000000020000000000000000a0
:202ab200000000000000000000000000000000000000000000000000000000000000000004
:202ad2000000000000000000000000000000000000000000000000000000000000000001e3
:0d2af20000000000000000000000000000d7
:202aff00870000000000000000000000000000000000000000000000000000000000000030
:202b1f00000000000000000000000000000000000000000000000000000000000000000096
:202b3f00000000000000000000000000000000000000000000000000000000000000000076
:0d2b5f000000000000000000000000000069
:202b6c008a00000000000000000000000000000000000000000000000000000000000000bf
:202b8c00000000000000000000000000000000000000000000000000000000000000000029
:202bac00000000000000000000000000000000000000000000000000000000000000000009
:0d2bcc0000000000000000000000000000fc
:202bd9000003000000000000000000000000000000000000000000000000000000000000d9
:202bf9000000000000000000000000000000000000000000000000000000000000000000bc
:202c190000000000000000000000000000000000000000000000000000000000000000009b
:0d2c3900000000000000000000000000008e
:202c460000000000000000000000000000000000000000000000010000000000000000006d
:202c660000000000000000000000000000000000000000000000000000000000000000004e
:202c860000000000000000000000001000000000000000000000000000000000000000001e
:0d2ca6000000000000000000000000000021
:202cb3000068800000000000000060000000000000000000000000000000000000000000b9
:202cd30000000000000000000000000000000000000280000000000000000000000000005f
:202cf3000000000000000000000000000000000000000000000000000000000000000000c1
:0d2d130000000000000000000000000000b3
:202d2000000280000000000000000000000000000000000000000000000000000000000011
:202d4000000000000000000000000000000000000000000000000000000000000000000073
:202d6000000000000000000000000000000000000000000000000000000000000000000053
:0d2d80000000000000000000000000000046
:202d8d00000000000000000000000000000000000000000000000000000000000000000026
:202dad00000000000000000000000000000000000000000000000000000000000000000006
:202dcd000000000000000000000000000000000000000000000000000000000000000000e6
:0d2ded0000000000000000000000000000d9
:202dfa00000180000000000000000000000000000000000000000000000000000000000038
:202e1a00000000000000000000000000000000000000000000000000000000000000000098
:202e3a00000000000000000000000000000000000000000000000000000000000000000078
:0d2e5a00000000000000000000000000006b
:202e6700000400000000000000200000000000000000000000000000000000000000000027
:202e870000000000000000000000000000000000000000000000000000000000000000002b
:202ea70000000000000000000000000000000000000000000000000000000000000000000b
:0d2ec70000000000000000000000000000fe
:202ed40080340000000000000000000000000000000000000000000000000000000000002a
:202ef4000000000000000000000000000000000000000000000000000000000000000000be
:202f140000000000000000000000000000000000000000000000000000000000000000009d
:0d2f34000000000000000000000000000090
:202f4100000000000000000000000000000000000000000000000000000000000000000070
:202f6100000000000000000000000000000000000000000000000000000000000000000050
:202f8100000000000000000000000000000000000000000000000000000000000000000030
:0d2fa1000000000000000000000000000023
:202fae00000000000000000000000000000000000000000000000000000000000000020001
:202fce000000000000000000000000000000000000000000000000000000000000000000e3
:202fee000000000000000000000000000000000000000000000000000000000000000000c3
:0d300e0000000000000000000000000000b5
:20301b00000000000000000000000000000000000000000000000000000000000000000095
:20303b00000000000000000000000000000000000000000000000000000000000000000075
:20305b00000000000000000000000000000000000000000000000000000000000000000055
:0d307b000000000000000000000000000048
:20308800000000000000000000000000000000000000000000000000000000000000000028
:2030a800000000000000000000000000000000000000000000000000000000000000000008
:2030c8000000000000000000000000000000000000000000000000000000000000000000e8
:0d30e80000000000000000000000000000db
:2030f5000000000000000000000000000000000000000000000000000000000000000010ab
:2031150008617c0200000000000000000000000000000000000000000000000000000000b3
:2031350000000000000000000000000000000000000000000000000000000000000000007a
:0d315500000000000000000000000000006d
:2031620000000000000000000000000000000000000000000000000000000000000000103d
:203182000102bc000000000000000000000000000000000000000000000000000000080066
:2031a20000000000000000000000000000000000000000000000000000000000000000000d
:0d31c2000000000000000000000000000000
:2031cf000000000000000000000000000000000000000000000000000000000000000000e0
:2031ef0000000000000000000000004000000000000000000000000000000000000006007a
:20320f0000000000000000000000000000000000000000000000000000000000000000009f
:0d322f000000000000000000000000000092
:20323c00000000000000000000000000000000000000000000000000000000000000000072
:20325c00000000000000000000000040000000000000000000000000000000000000000012
:20327c00000000000000000000000000000000000000000000000000000000000000000032
:0d329c000000000000000000000000000025
:2032a9000000000000000000000000000000000000000000000000000000000000100000f5
:2032c9000000000000000000000000000000000000000000000000000000000000000000e5
:2032e9000000000000000000000000000000000000000000000000000000000000000000c5
:0d33090000000000000000000000000000b7
:20331600000000000000000000000000000000000000000000000000000000000000000097
:20333600000000000000000000000000000000000000000000000000000000000000000077
:2033560000000000000000000000000000000000000000000000000000080000000000004f
:0d337600000000000000000000000000004a
:2033830000000000000000000000000000000000000000000000000000000000001000001a
:2033a30000000000000000000000000000000000000000000000000000000000000000000a
:2033c3000000000000000000000000000000000000000000000000000000000000000000ea
:0d33e30000000000000000000000000000dd
:2033f00000000000000000000000000000000000000000000000000000000000002000009d
:2034100000000000000000000000000000000000000000000000000000000000000000009c
:2034300000000000000000000000000000000000000000000000000000000000000000007c
:0d345000000000000000000000000000006f
:20345d0000000000000000000000000000000000000000000000000000000000000000004f
:20347d0000000000000000000000000000000000000000000000000000000000000000002f
:20349d000000000000000000000000001000000000000000000000000000000000000000ff
:0d34bd000000000000000000000000000002
:2034ca000000000000000000000000000000000000000000000000000000000000000000e2
:2034ea000000000000000000000000000000000000000000000000000000000000000000c2
:20350a000000000000000000000000000000000000000000000000000000000000000000a1
:0d352a000000000000000000000000000094
:20353700000000000000000000000000000000000000000000000000000000000000000074
:20355700000000000000000000000000000000000000000000000000000000000000000054
:20357700000000000000000000000000000000000000000000000000000000000000000034
:0d3597000000000000000000000000000027
:2035a400000000000000000000000000000000000000000000000000000000000000000007
:2035c4000000000000000000000000000040000000000000000000000000000000000000a7
:2035e4000000000000000000000000000000000000000000000000000000000000000000c7
:0d36040000000000000000000000000000b9
:20361100000000000000000000000000000000000000000000000000000000000000000099
:20363100000000000000000000000000000000000000000000000000000000000000000079
:20365100000000000000000000000000000000000000000000000000000000000000000059
:0d367100000000000000000000000000004c
:20367e0000000000000000000000000000000000000000000000000000000000000000002c
:20369e000000000000000000000000000000000000000000000000000040000000000000cc
:2036be000000000000000000000000000000000000000000000000000000000000000000ec
:0d36de0000000000000000000000000000df
:2036eb000000000000000000000000000000000000000000000000000000000000000000bf
:20370b0000000000000000000000000000000000000000000000000000010000000000009d
:20372b00000000000000001000000000000001ef040000000000000000000000000000007a
:0d374b000000000000000000000000000071
:20375800000000000000000000000000000000000000000000000000000000000000000051
:20377800000000000000000000000000000000000000000000000000000f00000000000022
:2037980000000000000000c0000000000000010f001400000000000000000000000000002d
:0d37b8000000000000000000000000000004
:2037c5000000000000000000000000000000000000000000000000000000000000000000e4
:2037e5000000000000000000000000800000000000000000000000800000000000000000c4
:2038050000000000080100000000002000000000000000000000000000000000000000007a
:0d3825000000000000000000000000000096
:2038320018000000000000000000000000000000000000000000000000000000000000005e
:20385200000000000000000000000200000000000000000000000200000000000000000052
:20387200000000002000000000000080000000000000000000000000000000000000000096
:0d3892000000000000000000000000000029
:20389f00000000000000000000000000000000000000000000000000000000000000000009
:2038bf00000000000000000000000110000e000000000000000003000000000000000000c7
:2038df0000000000300000003bc102c00000000000000000000000000000000000000000db
:0d38ff0000000000000000000000000000bc
:20390c0000000000000000000000000000000000000000000000000000000000000000009b
:20392c00000000000000000000000300000000000000000000000300000000000000000075
:20394c00000000001000000043c00040000000000000000000000000000000000000000008
:0d396c00000000000000000000000000004e
:2039790000000000000000000000000000000000000000000000000000000000000000002e
:2039990000000000000000000000004000000000000000000000000000000203d0000000f9
:2039b900000000000000000023c1000000000000000000000000000000000000000000000a
:0d39d90000000000000000000000000000e1
:2039e6000000000000000000000000000000000000000000000000000000000000000000c1
:203a06000000000000000000000000400000000000000a000000000000000403c01000007f
:203a2600000000000000000043c00400000000000000000000000000000000000000000079
:0d3a46000000000000000000000000000073
:203a5300000000000000000000000000000000000000000000000000000000000000400013
:203a730000000000000000000000000400000703d4000e000000000400000000000000003f
:203a9300000000000040000000000001000040000000000000000000000000000000000092
:0d3ab3000000000000000000000000000006
:203ac0000000000000000000000000000000000000000000000000000000000000004000a6
:203ae00000000000000000000000000000000403c0000000000000000000000000000000ff
:203b000000000000000000e000000000000340000000000000000000000000000000000082
:0d3b20000000000000000000000000000098
:203b2d0000000000000000000000000000000000000000000000000c00000000000000006c
:203b4d00000000000000000000000000001a0000000000000000000000000000000000003e
:203b6d00000000000000000000000000000000000000000000000000000000000000000038
:0d3b8d00000000000000000000000000002b
:203b9a0000000000000000000000000000000000000000000000000000000000000000000b
:203bba000000000000000000000000000010000000000000000000000000000000000000db
:203bda0000000000000000000000000080000000000000000000000000000000000000004b
:0d3bfa0000000000000000000000000000be
:203c070000000000000000000000000000000000000000000000000000000000000000009d
:203c2700000000000000000000000000000000000000000000000000000e0000000000006f
:203c470000000000000000100000000000000000000000000000000000000000000000004d
:0d3c67000000000000000000000000000050
:203c740000000000000000000000000000000000000000000000000400000000000000002c
:203c9400000000000000000000000000000000000000000000000000001000000000000000
:203cb40000000000000000f000000000000000000000000000000000000000000000000000
:0d3cd40000000000000000000000000000e3
:203ce1000000000000000000000000000000000000000000000000000000000000000000c3
:203d0100000000000000000000000000500000000000000000000000000000000000000052
:203d2100000000000000000000000000000040000000000000000000000000000000000042
:0d3d41000000000000000000000000000075
:203d4e00000000000000000000000000000000000000000000000000000000000000000055
:203d6e00000000000000000000000000000000000000000000000000000000000000000035
:203d8e00000000000000000000000000000300000000000000000000000000000000000012
:0d3dae000000000000000000000000000008
:203dbb000000000000000000000000000000000000000000000000000000000000000200e6
:203ddb000000000000000000000000000000000000020000000000000000000000000000c6
:203dfb00000000000002000802950020000000000000000000000000000000001cf060007b
:0d3e1b00000000000000000000000000009a
:203e2800000000000000000000000000000000001000000000000000000000000000050065
:203e480000000000000000000000000010000000000000000000000000000000000000004a
:203e680000000000000100050168040002c0000000000000000000000000000000f008000d
:0d3e8800000000000000000000000000002d
:203e950000000000000000000000000000000000000000000000000000000000000001000c
:203eb5000000000000000000000000800000000000000000000000800000000000020020cb
:203ed500000000000800000000000020000000000000800000000000020000000000000023
:0d3ef50004000000000000000000000000bc
:203f020000000000000000000000000000000000000000000000000000000000000002009d
:203f2200000000000000000000000000000000000000000000000200000000000008003441
:203f42000000000020000000000000800000000000020000000000000800000000000000b5
:0d3f62000000000000000000000000000052
:203f6f00000000000000000000000000000000000000000000000100000000000000000031
:203f8f00000000000000000000000300000000000001000000000300000c073c100c400060
:203faf0000000000110000e0000000c00000000000030000000000000c0000000000000032
:0d3fcf0000000000000000000000000000e5
:203fdc000000000000000000000000000000000000000000000001000000000000000000c4
:203ffc000000000000000000000001000000000000010000000001000000003c0044000022
:20401c000000000030000100000000c000c0000000010000000000000400000000000000ce
:0d403c000000000000000000000000000077
:20404900020000000000000000000000000000000000000000000000000000000000000055
:20406900000000000000000000000000000003bc1820000000000000000000000000000040
:2040890000000000000078007bc10200000000000000000000000000000000000000000061
:0d40a900000000000000000000000000000a
:2040b6000000000000000000000000000000000000000000000000000000000000000000ea
:2040d6000000000000000000000000000000003c000000000000000000000000000002008c
:2040f600000000000000080043c00000000000000000000900000000000000000000000096
:0d411600000000000000000000000000009c
:2041230000000000000000000000000000000000000000000000000000000000000040003c
:2041430000703c00010800000000002c000000000000000000000004000100295040100e9f
:20416300001cf041006800007bc10021000000af041004000000000000100004000000004f
:0d418300000000000000000000000000002f
:204190000000000000000000000000000000000000000000000000000000000000004000cf
:2041b00000003c600100000000000004000f00000000000000000004000ed01680101100a6
:2041d0002010f0000040000043c080000000000f000000000f0000000000003c0000000092
:0d41f00000000000000000000000000000c2
:2041fd00000000000000000000000000000000000000000000000000000000000000001092
:20421d000000000000000000000000000000000000000000000000004780000000000000ba
:20423d00200000000001000000000000000000000000000000000000000004000000000438
:0d425d0000000000000000000001e0f10082
:20426a00000000000000000000000000000000000000000000000000000000000000000034
:20428a00000000000000000000000000000000000000000000000000008000000000000094
:2042aa0000000000004a000000000001000000000000040000000000001000000000000491
:0d42ca000000000000000000000000f000f7
:2042d7000000000000000000000000000000000000000000000000000100000000000000c6
:2042f700000000000000000000000000810000000000000000000000000000000000000026
:20431700000cf04040000000000000000003800a540800000006bc1000000000000000004f
:0d4337000000000000000000000000000079
:20434400000000000000000000000000000000000000000000000000000000000000000059
:204364000000000000000000000000001080000000000000000000000000000000000000a9
:204384000000f000003000000000000000040405a000000000003c004010000000000000c0
:0d43a40040000000000001000000000000cb
:2043b1000000000000000000000000000000000000000000000000000000000000000000ec
:2043d100000000000000000000000000000000000000000000000028000000000000100094
:2043f1000018f041004001d0000000010000000000000450000000000010000000000000ed
:0d4411000000000000000000c000000000de
:20441e0000000000000000000000000000000000000000000000000000000000000000007e
:20443e0000000000002010000000000000000000000000000000001000000000000000011d
:20445e000000f000400801d000000000000000000000002000000000000000000000000015
:0d447e000800000000000000200000000009
:20448b0000000000000000000000000000000000030000000000000c000000000000000002
:2044ab000000000000000001cf070000000000000000000000000000000000000000001604
:2044cb0000000000000000102bc100000006b4938000000000000000000000000000000008
:0d44eb000000000000000000067ddb8000e6
:2044f8000000000000000000000000000000000000000000000000000000000000000000a4
:2045180000000000000000000f000000000000000000000000000000000000000000001c58
:2045380030000000000000f043c00400000005d76000000000000000000000000000000000
:0d4558000000000000000000021f9b5080ca
:20456500000000000000000000000000000000000000000000000000010000000000000035
:204585000000000020000000000000800000002958000000000000800000073c1000200002
:2045a500000000000800000000000000020000000000000000d74f402200000200a540007d
:0d45c5000000000000006001e600000000a2
:2045d2000000000000000000000000000000000000000000000000000000000000000000c9
:2045f2000000000080000000000002020000701688000800000002000000003c00000000d1
:2046120028000000200000000000000002c00000000000000077498008000002c05a010019
:0d463200000000000000000022c000000099
:20463f0000000000000000000000000000000000000000000000000000000000000000005b
:20465f0000000000c000000000000100001c00000002040000000300000007bc1000000082
:20467f00040000001000001802950000020037d380000003800000000c000000000000003d
:0d469f00000000000000000000058a04007b
:2046ac000000000000000000000000000000000000000000000000000000000000000000ee
:2046cc000000000040000000000003000010000000000000000003000000003c001000002c
:2046ec0028000000100000c70168040002c004d760100000800000000400000000000000b1
:0d470c00000000000000000000260f00006b
:20471900000000000000000000000000000000000000000000000000000000000000000080
:2047390000000000020000000000000000000000000000000000000000000000000000203e
:2047590003ccf500000000807bc180200000000000000000000000000000800000000000a0
:0d4779008000000000000002002e800400ff
:20478600000000000000000000000000000000000000000000000000000000000000000013
:2047a60000000000040000000000000000000000000000000000000020000000000000349b
:2047c600017050000000010043c000000140000000000000000000000000000000000001cc
:0d47e6000000000000000000400500a100e0
:2047f3000000000000000000000000000000000000000000000000000000000000000000a6
:20481300000000000000004000000000000000000000200000000000000000000000040021
:20483300065c031200280000000000080000000000000000000000000000000400000000ba
:0d48530002000000000000000077ca048091
:20486000000000000000000000000000000000000000000000000000000000000000000038
:20488000000000000000034000000000000000000000400000000000000000000000000095
:2048a0003650f30000000000000000000000000000000000000000000000003c0000000043
:0d48c0000000000000000000029d0af00052
:2048cd000000000000000000000000000000000000000000000000000000000000000000cb
:2048ed00000000000001c000000000000000000000000000000000000000000000000000ea
:20490d007841e701020000006bc1000011c040000000000009000000000000201ef04080b3
:0d492d0000000000000000000680000000f7
:20493a0000000000000000000000000000000000000000000000000000000000000000005d
:20495a0000000000000000000000000000000000000000000000000001000000000000003c
:20497a00004a42000120000043c0010000230000000000000f0000000000004010f00000fa
:0d499a0000000000000000014000000000cf
:2049a7000000000000000000000000000000000000000000000000000000000000000000f0
:2049c700000000000000000000000000680000000000000000000000001c0000000000004c
:2049e700700000000000000000000000000000000000000000003fc06000000000000000e1
:0d4a07000000000000000000004000000062
:204a1400000000000000000000000000000000000000000000000000000000000000000082
:204a34000000000000000000000000002b0000000000000000000000000000000000000037
:204a5400000000000000000000000000e00000000000000000003fc0000000000000000063
:0d4a740000000000000000000280000000b3
:204a8100000000000000000000000000000000000000000000000000000000000000010014
:204aa100000000000000000000000000000000000000000000000000070007bc10400000db
:204ac1000048f500800010e000000000000000000000000000000000000000200000000008
:0d4ae1000000000000000001602d8f5480d7
:204aee000000000000000000000000000000000000000000000000000000000000000000a8
:204b0e000000000000000000000000000000000000000000000000000700003c080000003c
:204b2e00035050000000000000000000000000000000000100000000000000400000000083
:0d4b4e000000000000000000002700a00093
:204b5b0000000000000000000000000000000000000000000000000000000000000000003a
:204b7b000000000000000000e0f4000080008029542000000000000000013bc84400001c45
:204b9b00005aa5000008f9d93a80000000030000000000000070002000015e0041008000b4
:0d4bbb0000d015e2800000000000000000a6
:204bc800003e0000000000000000000000000000000000000000000000000000000000008f
:204be800000000000000000000f00000000050168800000000000000010e321ec000001e92
:204c080001d0aa000000b8a943d40000e00400000000000000000000800080000f000000a6
:0d4c28000098808280000001400000000024
:204c35008000000000000000000000000000000000000000000000000000000000000000df
:204c55000000000024000000000000800000073c141000000000000008000000000ea0542a
:204c7500046ef500000000ef23d400e00006adc624002800003265a006082000e8f0801858
:0d4c95000050a000000060000000000000c2
:204ca200800000000000000000020000000000000000000000000000000000000000000070
:204cc2000000000082000000000002000000003c00100000000000000b0000000008408e21
:204ce2002cc0a0000100b0dfc28040800000269b520000000a0ae58800021c0000f00000f2
:0d4d020000d90000000000000000000000cb
:204d0f00000000000000000000000000000000000000000000000000000000000000000084
:204d2f0000000000c000000000000300000000295400000000000080000000000000015c47
:204d4f00007af54001080000000000002000000000000007803265a80200002168f08000ab
:0d4d6f0000d8a77085c04000029ceb8000ba
:204d7c00000000000000000000000000000000000000000000000000000000000000000017
:204d9c00000000005000000000000300000070168801000000000000000d0000000000b4d4
:204dbc000040a0000000b000000000000140000000000000800265800000004020f000004f
:0d4ddc000011b1e40000c000c01dfb51003b
:204de9000003000000000000000000000000000000000000000000000000000000040000a3
:204e0900000000000000000000000000070000295c1000000000000000007628002001042a
:204e29006c18e2000400f809a3d400000000000000000000007a65a000062007c9015000c1
:0d4e49000080000000000008000407e028c1
:204e5600000000000000000000000000000000000000000000000000000000000004000038
:204e76000000000000000000000000000000701688000000000000000000d03d40000ab403
:204e960074dad1000400d8054140000060000000000000000a0ae58040001c20ea400004f8
:0d4eb6000010b00000000000000007e00048
:204ec30000000000000000000000000000000000000000000000000080000000000000004f
:204ee300000000000000000000000000000000000000000000000000080000000000001e89
:204f0300780ca30288000008638848000000000000000007003a65a0420000040000000016
:0d4f2300000007688520000000000000006d
:204f300080020000000000000000000000000000000000000000000140000000000000009e
:204f50000000000000000240000000000000000000000000000000000500000000000002f8
:204f700041505300003800094344000000028000000000008d0a6580000000340000000043
:0d4f90000050a1a80000000000000000007b
:204f9d004000000000000000000000000000000000000000000000000000000000000000b4
:204fbd000000000000001000000000000000000000004000000000000100924c0020000085
:204fdd00001be200080000000000000014001dc6260800500e7265a000003c02caf50000b8
:0d4ffd0000018562000000000000000000bf
:20500a00020000000000000000000000000000000000000000000000000000000000000084
:20502a000000000000000000000000000900000000002000000000000080f73cc0000000ca
:20504a0000d8d100000000000000000088c3179b50000020000ae58010aa1601f0a0200040
:0d506a00000001ac0000000000000000008c
:20507700000000000000000000000000000000000000000000000000000000000000000019
:20509700000000000002000000000000091e00000000000000000000058000000000000e3d
:2050b700020ca302410000e524e0000000028000000000000e7a65a0408000676f0148000e
:0d50d700001011aa000800014280a0f400a2
:2050e40080000000000000000000000000000000000000000000000000000000000000002c
:20510400000000000001c000000000000d10000000000000000000000700000000000000a6
:2051240001505300000000e16ae40200000000000000000310026580004000207e4000007e
:0d5144000008a78000000001428000f0007c
:205151008000000000000000000000000000000000000000000000000000000000000000be
:2051710000000000000000000000000000000000000000000000000000000000000000001e
:20519100000000000000000168bc004800000000000000001c5265a000003c68000000007a
:0d51b10000000b32000800000000000000ac
:2051be000000000000000000000000000000000000000000000000000000000000000000d1
:2051de000000000000000000000000000000000000000000000000000008000000000000a9
:2051fe00000000000000008524540084000000000000000f1002e58001403e00000000000b
:0d521e0000d007400000000000000000006c
:20522b00000000000000000000000000000000000000000000000000000000000000000063
:20524b00000000000000000dea500040078936c000004000000000000000062808200000a0
:20526b0003ec05400000008df0a8000000039c83d00000001a1265a000000027cb3d000078
:0d528b0000000723c3000000001de8000024
:205298000000000000000000000000000000000000000000000000000000000000000100f5
:2052b80000000000000140050aa00040009f92600240a00000000000000b74140050003c14
:2052d8002960af00000051e1bde8000203c02d8260000000000a258100000465dd260800af
:0d52f800000000003c080000003ee0000047
:20530500000000000000000000000000000000000000000000000000000000000000000088
:205325000000000000000000000000004001000000008000000000000008832c408e002ef4
:205345002178fa400000900123ec80e006e01fc644281800011a65a00000000000000018ee
:0d53650005000723c30060000000000000e9
:2053720000000000000000000000000000000000000000000000000000000000000000001b
:20539200000000000000000000000000200a000000004000000000002900341c8408000488
:2053b2000140a0000000b80b7a9c00840ac03f0bc00038070e0aa58200200000000000002b
:0d53d200020000003c00000003800000000d
:2053df000000000000000000000000000000000000000000000000000000000000000000ae
:2053ff000000000000014001c50208280801522800000e0000000028010056c84400002019
:20541f00026ef5000080800b7a94800000001c8380000000003265a00000002c00000000ed
:0d543f0000019523c3000000002ed80000de
:20544c00000000000000000000000000000000000000000000000000000000000000000040
:20546c00000000000000203d0a000000050e943d40000000000000100980f69ec000400464
:20548c0033f050000100b00f02a8000800002d87600000000002258000000034000000002c
:0d54ac00000080803c000000c02f90000038
:2054b9000000000000000000000000000000000000000000000000000000000000000000d3
:2054d9000000000000000380000000000000073140800000000000000b80d23d4800a60ea2
:2054f9000040e70000003007f560000200060de646200000007a65a00040200000000000a0
:0d55190000181523c3000002000000000070
:20552600000000000000000000000000000000000000000000000000000000000000000065
:205546000000000000000400000000000d00d43280000000000000000b0e542800004000d9
:20556600034a4200000000853364200408043c0bc01000070002a580008024280000000435
:0d558600000080803c00000040000000009c
:205593000000000000000000000000000000000000000000000000000000000000000000f8
:2055b300000000000000c00000000000430017a8c0800000000000000001fba940000006eb
:2055d300006cf540000059ebace0000a020007e3d0000001803a65a0400020005e80000083
:0d55f300000007a3c30000000396a05600af
:20560000000000000000000000000000000000000000000000000008000000000000000082
:205620000000000000002000000000002bcc0428c400000000000000030a1c1540000000e5
:2056400002405000000000033ae480040143ad8260080000800a258000001400e80000000d
:0d566000040000003c0000000000005a00a3
:20566d0000000000000000000000000000000000000000000000000000000000000000001d
:20568d000000000000000600000000000000960800000a0000000010010a833140800e06ac
:2056ad000368f540000038076bd4000000020000000000051c7a65a020000000fe2a2000b5
:0d56cd00000005a3c30000000280000000e3
:2056da000000000000000000000000000000000000000000000000000000000000000000b0
:2056fa00000000000000000000000000000f5f0000100000000000280080703280000c003c
:20571a0003d0500800003809014000000007400000000000000aa580000000376e7a00002d
:0d573a00000000003c00000006c000000060
:20574700000000000000000000000000000000000000000000000000000000000000000042
:20576700000000000002071de5000000038073010040000000000100211b5f388484000004
:20578700075cf540000078c3636c08000000000000000000007265a0000020017a801000b6
:0d57a700009805a3c300000142800000002f
:2057b4000000000000000000000000000000000000000000000000020000000000000000d3
:2057d400000000000002c00105000000008f7a548000000000000000000f04388000000045
:2057f4003140a0080000f90983e8800009c38000000000000a0a258000002c0369000000f2
:0d581400001000803c00000026c0000000d5
:20582100000000000000000000000000000000000000000000000000000000000000000067
:205841000000000000000036a80020000000332800000000000000000001000000000000ed
:2058610074000000000179af64f4004000e2a7a7641000018e1a65a000000400000000009c
:0d588100008187a3c300c008c00000000024
:20588e000000000000000000000000000000000000000000000000000000000000000000fa
:2058ae0000000000000042de00000000000bf43d4800000000000000050e00000000000023
:2058ce006000000000027003ac98008000222df5200000008003258000002600000000006f
:0d58ee00001000803c00c0076000000000ba
:2058fb0000000000000000000000000000000000000000000000000000000000000000008d
:20591b0010000000000000000000000000005ee0001000000000000000009abd4000400433
:20593b0000000000000000033d89000021c28df624000003803a25a0000020200000000037
:0d595b0000000723c3010000000000000051
:2059680000000000000000000000000000000000000000000000000000000000000000001f
:20598800c0000000000002000000000000005a8000400000000000030500982800008000db
:2059a800200000000000008b6ed4040000241ffb50800000800aa581002014740000000088
:0d59c800000000003c100000000000000086
:2059d5000000000000000000000000000000000000000000000000000000000000080000aa
:2059f500000000001001c217b08000000800ff820000000000000000001e17388080000082
:205a1500684c3810380000a0000000e0c003bff2f0000000007a25a02e0080000000001854
:0d5a350000000723c3000000000000000077
:205a4200000000000000000000000000000000000000000000000000000000000000000044
:205a6200e00000000000000ea00000021b0a7b80020008000000000003180438800000048f
:205a8200316d76002000f0000000008003401e92a00020000f0225800801400000000000ae
:0d5aa200000000003c0000000000000000bb
:205aaf000000000000000000000000000000000000000000000001000000000000180000be
:205acf00003bc18000000040000000000380da80088000000000000000000728c080a00087
:205aef00025ea5000282000000000000000027f190000003807a25a020000001ec626002d3
:0d5b0f0000019523c300000000000000000d
:205b1c00000000000000000000000000000000000000000000000100000000000010000058
:205b3c000043c08000000380000000000380182000000000000000000300f014c00040245d
:205b5c0002405500010550000000000000001efa70000000800aa580000000026eb50001df
:0d5b7c00000080803c0000000000000000e0
:205b89000200000000000000000000000000000000000000000000000000000000000000fa
:205ba900c00000000a0342c0000000000f009e810200000000000000118000000004002424
:205bc900727ea000000200800000000000001f8644240000001a25a020008000000000001e
:0d5be90000181523c300000000000000009c
:205bf60000000000000000000000000000000000000000000000000000000000000000018e
:205c1600000000000401668000000000018a5a800210000000000002210000000000040cd9
:205c360001d0fa00000401000000000400001e07c0000050000a2580000000000000000096
:0d5c5600000080803c000000000000000005
:205c6300000000000000000000000000000000000000000000000000000000000000000021
:205c8300080295400445e000a0f0000001808314000002000000000000010000000000004e
:205ca30079c0e70200001010000000040002800000001001807a25a020001e040000000007
:0d5cc300000007a3c3000000000000000067
:205cd0000000000000000000000000000000000000000000000000000000000000000000b4
:205cf000090168800000000100f01000000010280000000000000000000f00000000000456
:205d100001c042000000f8f00000000000000000000000008002a5800000003800000000a9
:0d5d3000000000003c00000000000000002a
:205d3d00000000000000000000000000000000000000000000000000000000000000000046
:205d5d00000000000a000025f740002800005a8000c00000000001080388bb17c0000000d8
:205d7d0003eef50002818009f189000001c72fe5141000001a7225a040a00023fc62604048
:0d5d9d00000005a3c300000000000000008e
:205daa000000000000000000000000000000000000000000000000000000000000000000d9
:205dca000000000000000007b9b000000000f0008200000000000000098954028000082443
:205dea0025d0a000000070093ad4810001660d8a70000000000225800040007ef9b500007b
:0d5e0a00000000003c02000000000000004d
:205e170000000000000000000000000000000000000000000000000000000000000000006b
:205e37000802954440000027ea5020100801f7828000008000000000000c870282000024da
:205e57002a7bfb2000008000000000002060000000000003017225a800002e0000000000fa
:0d5e7700009805a3c300000000000000001b
:205e84000000000000000000000000000000000000000000000000000100000000000000fd
:205ea400ed0168a10000001708520400070ff00008000100000000000010140140000026d8
:205ec400016d5b00000030a00000000800400000000000008e0aa580000a3e0000000000d8
:0d5ee400001000803c0000000000000000e5
:205ef100000000000000000000000000000000000000000000000000000000000000000091
:205f110000000000000007c0000000000d0a00000000000000000000080086a000c00b3663
:205f31006b7dfb001000000321890040a2e72fe514002003005225a0040000644c62490026
:0d5f5100008187a3c30000000000000000d5
:205f5e00000000000000000000000000000000000000000000000000000000000000000023
:205f7e000000000000000280000000000f90000000000e0000000000070070100800002c19
:205f9e00026ab500202800057ad401800b632f9a720810098e03258008000065d9b50000ab
:0d5fbe00001000803c00000000000000000a
:205fcb00000000000000000000000000000000000000000000000000000000000000300086
:205feb0000000000000000000000000385000000000000000000000008011ba80000014ef3
:20600b00027aa50000000009f0f4000000029c0008000087003a65a00000000000000000fb
:0d602b0000018723c32000000600000000d4
:20603800000000000000000000000000000000000000000000000000000000000000000048
:206058000000000000000200000000000000000000000000000000000b09703e8000029e44
:206078002570550000001005609840001400000000200000800325814000003800000000fc
:0d609800000000003c1000000000000000af
:2060a5000000000000000000000000000000000000000000000000000000000000080000d3
:2060c5000000000020000000000000000100de280000000000000000010016b888800000bd
:2060e5007878f500380058000000000008069e8f080000000a3a25a00200000008f0501878
:0d61050000800723c341600000000000007f
:2061120000000000000000000000000000000000000000000000000000000000002000004d
:206132000000000000000000000000000d80183d40000e0000000000000000388000000461
:2061520073d05000200008000000000010038000f0000090100225804800000010f0000060
:0d617200001000003c0000000000000000d4
:20617f000000000000000000000000000000000000000000000000000000000000300000d0
:20619f0000000000c400000000000000038087a8c0c00000000000018000f3480000001e10
:2061bf003a40e712000001f9f0e0000000068089680000000a7a65a00c0000200000000057
:0d61df0000001523c3000000068080f004be
:2061ec00000000000000000000000000000000000000000000000000000000000030000063
:20620c0000000000c2000000000000000900f414c00040000000000000007b4000000602dc
:20622c0043404200000001f561d80000000000c690000000100b25804c00000000000000fc
:0d624c00000080803c200000000100f000f8
:20625900000000000000000000000000000000000000000000000000000000000000000025
:20627900000000000000000000000000001a3f0e00000000000000000180000000040024f5
:2062990062e8fb0000003803719108000002968f08000000003a25a00040000000000000ed
:0d62b900000001a1540000000000af04002f
:2062c6000000000000000000000000000000000000000000000000000000000000000000b8
:2062e6000000000000000000000000000710ba9d8010000000000000008000000000403e9c
:206306002efcb5000000080fc2f0200000000200f00000000003a580002000000000000075
:0d632600000000015400000000010f000005
:2063330000000000000000000000000000000000000000000000000000000000000000004a
:2063530000000000000000600a540000000c00000000010000000100071a00000000001c21
:2063730000fafb0000000000000000080200048f08000000017a65a0000000000ef04000b2
:0d63930000040023c1000000000000000015
:2063a0000000000000000000000000000000000000000000000000000000000000000000dd
:2063c000000000000000038c05a28800000000000000a080000000000080000000000e0051
:2063e00003ee7a20000000f00000000402400200f00001000c03a5800000000010f00800ad
:0d64000000000043c020000000000000006c
:20640d0000000000000000000000000000000000000000000000000000000000000000006f
:20642d000000000000000000cf041000080077828000200000000000000092280000000e03
:20644d00664aa500000001f0000000001000009968000009003265a0104c0000000000003c
:0d646d0000000002954000000000af040890
:20647a000000000000000000000000000000000000000000000000000000000000001800ea
:20649a0000000000000240010f000000070b000288000000000000000b0a743e80000002ab
:2064ba006cc05500000000a000000000080000969000000d800ba5800000000000000000b6
:0d64da00000009016800000000010f000033
:2064e700000000000000000000000000000000000000000000000004000000000000000190
:20650700e802950000000380000000000700168000c0000000000000070f87b88080001ca4
:2065270069daa30200000000000000000000008968000008001a65a000000038000000001c
:0d65470000980000000000000000000000af
:20655400000000000000000000000000000000000000000000000000000000000000000027
:20657400070168800000000000000000008050200800000000000000070e34344000002c36
:206594006410a3000000008000000000414000b690000009000b25800000003c0000000094
:0d65b40000100000000000000000000000ca
:2065c1000000000000000000000000000000000000000000000000000000000000000010aa
:2065e10000000000000000008f050000230900000000000000000000078103a8c080000067
:206601006b5ef50010005805798900000140068f0800110980522a80000000000af040009e
:0d662100000000000000000000000000006c
:20662e00000000000000000000000000000000000000000000000000000000000000000844
:20664e0000000000000000010f000000001900000000000000000000098ab414c8000000e0
:20666e000370a0002000000dbed4200000000200f008280d8e082a800000000010f00000ab
:0d668e0000000000000000000000000000ff
:20669b000000000000000000000000000000000000000000000000000000000000000000df
:2066bb00003bc1000000000000000000610000000000000000000000000000000000002042
:2066db00007ea50041000000000000000007048f08800008001b0f104000006008f04000ff
:0d66fb000000000000000000000000000092
:20670800000000000000000000000000000000000000000000000000000000000000000071
:206728000043c0000000000000000000590000000000000000000000000000000000003cb9
:2067480000705500008c00f00000000000000200f040000b005bcb040000014010f0010047
:0d6768000000000000000000000000000024
:206775000000000000000000000000000000000000000000000000000100000000080000fb
:206795000000000020000000000000000001000000000000000000000000000000020000c1
:2067b5003800000008000008029520000000568f088380201800000006000028000000006f
:0d67d50000000000000000000000000000b7
:2067e200000000000000000000000000000000000000000000000000000000000020000077
:20680200000000008000000000000000000a000000000000000000000008000000000000e4
:2068220040000000200000050168000000038200f00200401a0000000000000000000001b6
:0d6842000000000000000000000000000049
:20684f000000000000000000000000000000000000000000000000000000000000300000f9
:20686f0000000000c00000000000000007807742c40000000000000008000000000c000031
:20688f000000000010000000000000001600148f08100009000000000000000000000000ff
:0d68af0000000000000000000000000000dc
:2068bc0000000000000000000000000000000000000000000000000000000000003000008c
:2068dc0000000000c0000000000000000000f26ac000000000000000090a0000000c0000a1
:2068fc000000000010000000000000000ac00000f0000003000000000000000000000000af
:0d691c00000000000000000000000000006e
:2069290000000000000000000000000000000000000000000000000000000000000000004e
:20694900000000000000000000000010000013a8000000000000000000080000000000203b
:20696900000000000080380073c1800000038c8f081003a00adf98900000000000000001b7
:0d6989000000000000000000000000000001
:206996000000000000000000000000000000000000000000000000000000000000000000e1
:2069b6000000000000000000000000300000103d40000000000000000f1000000000000cd9
:2069d600000000000118180043c0000000000200f000405000ff2d4040020000000000003d
:0d69f6000000000000000000000000000094
:206a0300000000000000000000000000000000000000000000000000000000000000000073
:206a2300000000000000000000000000000007b88080000000000000000082940810000066
:206a430000000000000000000000000000405c8f0800000900531b00000016000000000073
:0d6a63000000000000000000000000000026
:206a7000000000000000000000000000000000000000000000000000000000000000000006
:206a90000000000000000000000000000000503440000000000000000000b4280000000046
:206ab0000000000000000000000000000022c200f004000b0032ab00000006000000000000
:0d6ad00000000000000000000000000000b9
:206add00000000000000000000000000000000000000000000000000000000000000000099
:206afd0000000000000002000000000001000000000000000000010000009ebd40000000da
:206b1d0000000000000010100000000004001e8f0800004000139910a000000000000000e3
:0d6b3d00000000000000000000000000004b
:206b4a0000000000000000000000000000000000000000000000000000000000000000002b
:206b6a0000000000000000000000000000000000000000000000000000095c140000000092
:206b8a0000000000000808c00000000000000200f004002000302f040000000000000000a2
:0d6baa0000000000000000000000000000de
:206bb7000000000000000000000000000000000000000000000000000000000000000000be
:206bd700e000000000000701cf040000070800000000000000000000000c02b880c00000ce
:206bf700701af041420000080295020000000c8f080000018a531b0000000c006c3d00008f
:0d6c17000000000000000000000000000070
:206c240000000000000000000000000000000000000000000000000000000000000000014f
:206c4400e0000000000000010f0000000310000000000000000000000000f03440000000c9
:206c64004000f018010000050168000000024000f01001808032970000000200ee26000037
:0d6c84000000000000000000000000000003
:206c91000000000000000000000000000000000000000000000000000000000000000000e3
:206cb1000000000000000000000000200000000000000000000000000000000000000000a3
:206cd1000400000000000008029500000007868f080100039d1f9910c08000000000000033
:0d6cf1000000000000000000000000000096
:206cfe00000000000000000000000000000000000000000000000000000000000000000076
:206d1e0000000000000000000000001007000000000000000000000000000000000000003e
:206d3e00200000000000000301684000a0000200f01200009a382f020000000000000000c2
:0d6d5e000000000000000000000000000028
:206d6b00000000000000000000000000000000000000000000000000000000000000000008
:206d8b00000000000000060000000000090000000000008000000000000e1ac14e60001ca6
:206dab00205cf50000805003b6c4000000001e8f08000008017b1090000000000000000031
:0d6dcb0000000000000000000000000000bb
:206dd800000200000000000000000000000000000000000000000000000000000000000099
:206df8000000000000000000000000000b000000000001000000000000107e494000000058
:206e18006d4050010108000036c4000010000000f0c000030d727d44400000000000000016
:0d6e3800000000000000000000000000004d
:206e45000068000000000000000000000000000000000000000000000000000000000000c5
:206e6500000000002000000000000000080a000000000000000000200009000000000000b2
:206e850000dca010000070800000000000001e8f0803800800d7d8920000000000000000f0
:0d6ea50000000000000000000000000000e0
:206eb20000400000000000000000000000000000000000000000000e000000000000000072
:206ed2000000000080000000000000000d10000000000000000000100009000000000004e6
:206ef2002c40f500000000000000001008000200f002000b00bbad4400000000000000005c
:0d6f12000000000000000000000000000072
:206f1f00300000000000000000000000000000000000000000000100000000000000000021
:206f3f000573d440c0020024aa500000100000000000000000000000001d3a3ec00000144d
:206f5f002a4ca000008480000000000400000e8f0800000d8800000000000e0000000000ac
:0d6f7f000000000000000000000000000005
:206f8c00000000000000000000000000000000000000000000000100000000000000005094
:206fac000003d400c002c01605520000000000000000008000000000001cd7ad4400000299
:206fcc004050f508000010000000000200000200f000000b00000000000000000000000009
:0d6fec000000000000000000000000000098
:206ff900000200000000000000000000000000000000000000000000000000000000000076
:20701900000000000001400005a400000d98000000000000000000000001000000040000c3
:20703900000000000000100fb3d4000200005c8f0800102d9d1b5892000200034d740000f7
:0d7059000004000000001000000000000016
:20706600000000000000000000000000000000000000000000000000000000000001000009
:20708600000000000000201c0a5000000780000000000000000000000009000000000000c4
:2070a60000000000000000090280000400030200f00000550ef7ad4200000000cfa000008e
:0d70c60000000000000000000000000000bd
:2070d30000000000000000000000000000000000000000000000000080000000000000001d
:2070f300000000000000100000000000000000000000400000000000278000000000000086
:20711300200000000000f0082b888800000000996800000500fe90980000200000000000bd
:0d713300000000000000000000000000004f
:207140000000000000000000000000000000000000000000000000014000000000001800d6
:20716000000000000000000000000000000000000000a00000000000508000000000002c73
:20718000000000000000700503440000000300c69000000d8bb3fd4020002400000000000e
:0d71a00000000000000000000000000000e2
:2071ad00000000000000000000000000000000000000000000000000000000000000005072
:2071cd00000000000000000000000000000096bd4000000000000000030000000000001cf0
:2071ed000058a000000070100000000002029e8f0800000b0dded890300c04000000000033
:0d720d000000000000000000000000000074
:20721a00000000000000000000000000000000000000000000000000000000000000000054
:20723a00000000000000000000000000000054140400000000000000000000000000001cac
:20725a000070f500000008900000000001400000f00000071bdbad400000020000000000fa
:0d727a0000000000000000200000000000e7
:207287000000000000000000000000000000000000000000000000000000000000000000e7
:2072a70000000000000202000000000000009fa940000000000001000100b6a9402000007a
:2072c7000048f500908001e960f400000002968f080000139b5794580200000000000000fa
:0d72e700000000000000000000000000009a
:2072f4008000000000000000000000000000000000000000000000000000000000000000fa
:20731400000000000001c00000000000000058154000000000000000000074154000000022
:20733400035050000000010f3c98800000000200f08000001f1329c0200000000000000085
:0d735400000000000000000000000000002c
:2073610000000000000000000000000000000000000000000000000000000000000000000c
:20738100000000000000000000000000000006314080000000000040058000000000000030
:2073a10000000000000010800000000001668c8f0809000500bad890600000000000000022
:0d73c10000000000000000000000000001be
:2073ce0000000000000000000000001000000000000000000000000000000000000000008f
:2073ee000000000000000000000000000700103280000000000000000000000000000a00ac
:20740e00000000000000090000000000a3c00200f002000980339e800000003000000000f4
:0d742e000000000000000000000000000051
:02743b0000004f
:02743d0011013b
:02743f00010149
:2074410000000000000000000000000000000000000000000000000000000000000000002b
:2074610000000000000000000000000000000000000000000000000000000000000000000b
:207481000000000002000000000000000000000000000000000000000000000000000000e9
:0d74a10000000000000008000000000000d6
:2074ae000000000000000000000000000000000000000000000000000000000000000000be
:2074ce0000000000000000000000000000000000000000000000000000000000000000009e
:2074ee0000000000000000000000000000000000000000000000000000000000000000007e
:0d750e000000000000000000000000000070
:20751b00000000000000000000000000000000000000000000000000000000000000000050
:20753b00000000000000000000000000000000000000000000000000000000000000000030
:20755b0000000000010000000000000000000000000000000000000000000000000000000f
:0d757b0000000006000004000000000000f9
:207588000000000000000000000000000000000000000000000000000000000000000000e3
:2075a8000000000000000000000000000000000000000000000000000000000000000000c3
:2075c8000000000000000000000000000000000000000000000000000000000000000000a3
:0d75e8000000000000000000000000000096
:2075f500000000000000000000000000000000000000000000000000000000000000000076
:20761500000000000000000000000000000000000000000000000000000000000000000055
:2076350000000000020000000800000000000000000000000000000000000000000000002b
:0d7655000000000000000800000010000010
:20766200000000000000000000000000000000000000000000000000000000000000000008
:207682000000000000000000000000000000000000000000000000000000000000000000e8
:2076a2000000000000000000040000000000000000000000000000000000000000000000c4
:0d76c200000000000000000000003000008b
:2076cf0000000000000000000000000000000000000000000000000000000000000000009b
:2076ef0000000000000000000000000000000000000000000000000000000000000000007b
:20770f00000000000000140000000000000000000000000000000000000000000000000046
:0d772f00000000000000000000000000004d
:20773c0000000000000000000000000000000000000000000000000000000000000000002d
:20775c0000000000000000000000000000000000000000000000000000000000000000000d
:20777c000000000000002000000000000000000000000000000000000000000000000000cd
:0d779c0000000000000000000000000000e0
:2077a9000000000000000000000000000000000000000000000000000000000000000000c0
:2077c900080000000000000000000000000000000000000000000000000000000000000098
:2077e900000000000000000000000000000000000000000000000000000000000000000080
:0d7809000000000000000000500000000022
:20781600000000000000000000000000000000000000000000000000000000000000000052
:20783600000000000000000000000000000000000000000000000000000000000000000032
:20785600000000000000000000000000000000000000000000000000000000000000000012
:0d78760000000000000000000800000000fd
:207883000000000000000000000000000000000000000000000000000000000000000034b1
:2078a3000004000000000000000000000000000000000000000000000000000000000000c1
:2078c3000000000000000000000000000000000000000000000000000000000000000000a5
:0d78e3000000000000000000000000000098
:2078f000000000000000000000000000000000000000000000000000000000000002002056
:20791000000400000000000000000000000000000000000000000000000000000000000053
:20793000000000000000000000000000000000000000000000000000000000000000000037
:0d795000000000000000000000000000002a
:20795d0000000000000000000000000000000000000000000000000000000000000000000a
:20797d000000000000000000000000000000000000000000000000000000000000000000ea
:20799d000000000000000000000000000000000000000000000000000000000000000000ca
:0d79bd0000000000000000000000000000bd
:2079ca0000000000000000000000000000000000000000000000000000000000000100009c
:2079ea0000000000000000000000000000000000000000000000000000000000000000007d
:207a0a0000000000000000000000000000000000000000000000000000000000000000005c
:0d7a2a00000000000000000000000000004f
:207a370000000000000000000000000000000000000000000000000000000000000000002f
:207a57000000000000000000000000000000000000000000000000000000006000000000af
:207a77000000000000000004000000000000000000000000000000000000000000000000eb
:0d7a970000000000000000000010000000d2
:207aa4000000000000000000000000000000000000000000000000000000000000020000c0
:207ac4000000000000000000000000000000000000000000000000000000000000000000a2
:207ae400000000000000000000000000000000000000000000000000000000000000000082
:0d7b04000000000000000000000000000074
:207b1100000000000000000000000000000000000000000000000000000000000000000054
:207b3100000000000000000000000000000000000000000000000000000000000000000034
:207b5100000000000000000000000000000000000000000000000000000000000000000014
:0d7b71000000000000000000000000000007
:207b7e000000000000000000000000000000000000000000000000000000000000000000e7
:207b9e000000000000000000000000000000000000000000000000000000000000000000c7
:207bbe000000000000000000000000000000000000000000000000000000000000000000a7
:0d7bde00000000000000000000000000009a
:207beb0000000000000000000000000000000000000000000000000000000000000000007a
:207c0b00000000000000000000000000000000000000000000000000000000000000000059
:207c2b00000000000000000000000000000000000000000000000000000000000000000039
:0d7c4b00000000000000000000000000002c
:207c580000000000000000000000000000000000000000000000000000000000000000000c
:207c78000000000000000000000000000000000000000000000000000000000000000000ec
:207c98000000000000000000000000000000000000000000000000000000000000000000cc
:0d7cb80000000000000000000000000000bf
:207cc50000000000000000000000000000000000000000000000000000000000000000009f
:207ce50000000000000000000000000000000000000000000000000000000000000000007f
:207d050000000000000000000000000000000000000000000000000000000000000000005e
:0d7d25000000000000000000000000000051
:207d3200000000000000000000000000000000000000000000000000000000000000000031
:207d5200000000000000000000000000000000000000000000000000000000000000000011
:207d72000000000000000000000000000000000000000000000000000000000000000000f1
:0d7d920000000000000000000000000000e4
:207d9f000000000000000000000000000000000000000000000000000000000000000000c4
:207dbf000000000000000000000000000000000000000000000000000000000000000000a4
:207ddf00000000000000000000000000000000000000000000000000000000000000000084
:0d7dff000000000000000000000000000077
:207e0c00000000000000000000000000000000000000000000000000000000000000000056
:207e2c00000000000000000000000000000000000000000000000000000000000000000036
:207e4c00000000000000000000000000000000000000000000000000000000000000000016
:0d7e6c000000000000000000000000000009
:207e79000000000000000000000000000000000000000000000000000000000000000000e9
:207e99000000000000000000000000000000000000000000000000000000000000000000c9
:207eb9000000000000000000000000000000000000000000000000000000000000000000a9
:0d7ed900000000000000000000000000009c
:207ee60000000000000000000000000000000000000000000000000000000000000000007c
:207f060000000000000000000000000000000000000000000000000000000000000000005b
:207f260000000000000000000000000000000000000000000000000000000000000000003b
:0d7f4600000000000000000000000000002e
:207f530000000000000000000000000000000000000000000000000000000000000000000e
:207f73000000000000000000000000000000000000000000000000000000000000000000ee
:207f93000000000000000000000000000000000000000000000000000000000000000000ce
:0d7fb30000000000000000000000000000c1
:207fc0000000000000000000000000000000000000000000000000000000000000000000a1
:207fe000000000000000000000000000000000000000000000000000000000000000000081
:20800000000000000000000000000000000000000000000000000000000000000000000060
:0d8020000000000000000000000000000053
:20802d00000000000000000000000000000000000000000000000000000000000000000033
:20804d00000000000000000000000000000000000000000000000000000000000000000013
:20806d000000000000000000000000000000000000000000000000000000000000000000f3
:0d808d0000000000000000000000000000e6
:20809a000000000000000000000000000000000000000000000000000000000000000000c6
:2080ba000000000000000000000000000000000000000000000000000000000000000000a6
:2080da00000000000000000000000000000000000000000000000000000000000000000086
:0d80fa000000000000000000000000000079
:20810700000000000000000000000000000000000000000000000000000000000000000058
:20812700000000000000000000000000000000000000000000000000000000000000000038
:20814700000000000000000000000000000000000000000000000000000000000000000018
:0d816700000000000000000000000000000b
:208174000000000000000000000000000000000000000000000000000000000000000000eb
:208194000000000000000000000000000000000000000000000000000000000000000000cb
:2081b4000000000000000000000000000000000000000000000000000000000000000000ab
:0d81d400000000000000000000000000009e
:2081e10000000000000000000000000000000000000000000000000000000000000000007e
:2082010000000000000000000000000000000000000000000000000000000000000000005d
:2082210000000000000000000000000000000000000000000000000000000000000000003d
:0d8241000000000000000000000000000030
:20824e00000000000000000000000000000000000000000000000000000000000000000010
:20826e000000000000000000000000000000000000000000000000000000000000000000f0
:20828e000000000000000000000000000000000000000000000000000000000000000000d0
:0d82ae0000000000000000000000000000c3
:2082bb000000000000000000000000000000000000000000000000000000000000000000a3
:2082db00000000000000000000000000000000000000000000000000000000000000000083
:2082fb00000000000000000000000000000000000000000000000000000000000000000063
:0d831b000000000000000000000000000055
:20832800000000000000000000000000000000000000000000000000000000000000000035
:20834800000000000000000000000000000000000000000000000000000000000000000015
:208368000000000000000000000000000000000000000000000000000000000000000000f5
:0d83880000000000000000000000000000e8
:208395000000000000000000000000000000000000000000000000000000000000000000c8
:2083b5000000000000000000000000000000000000000000000000000000000000000000a8
:2083d500000000000000000000000000000000000000000000000000000000000000000088
:0d83f500000000000000000000000000007b
:2084020000000000000000000000000000000000000000000000000000000000000000005a
:2084220000000000000000000000000000000000000000000000000000000000000000003a
:2084420000000000000000000000000000000000000000000000000000000000000000001a
:0d846200000000000000000000000000000d
:20846f000000000000000000000000000000000000000000000000000000000000000000ed
:20848f000000000000000000000000000000000000000000000000000000000000000000cd
:2084af000000000000000000000000000000000000000000000000000000000000000000ad
:0d84cf0000000000000000000000000000a0
:2084dc00000000000000000000000000000000000000000000000000000000000000000080
:2084fc00000000000000000000000000000000000000000000000000000000000000000060
:20851c0000000000000000000000000000000000000000000000000000000000000000003f
:0d853c000000000000000000000000000032
:20854900000000000000000000000000000000000000000000000000000000000000000012
:208569000000000000000000000000000000000000000000000000000000000000000000f2
:208589000000000000000000000000000000000000000000000000000000000000000000d2
:0d85a90000000000000000000000000000c5
:2085b6000000000000000000000000000000000000000000000000000000000000000000a5
:2085d600000000000000000000000000000000000000000000000000000000000000000085
:2085f600000000000000000000000000000000000000000000000000000000000000000065
:0d8616000000000000000000000000000057
:20862300000000000000000000000000000000000000000000000000000000000000000037
:20864300000000000000000000000000000000000000000000000000000000000000000017
:208663000000000000000000000000000000000000000000000000000000000000000000f7
:0d86830000000000000000000000000000ea
:208690000000000000000000000000000000000000000000000000000000000000000000ca
:2086b0000000000000000000000000000000000000000000000000000000000000000000aa
:2086d00000000000000000000000000000000000000000000000000000000000000000008a
:0d86f000000000000000000000000000007d
:2086fd0000000000000000000000000000000000000000000000000000000000000000005d
:20871d0000000000000000000000000000000000000000000000000000000000000000003c
:20873d0000000000000000000000000000000000000000000000000000000000000000001c
:0d875d00000000000000000000000000000f
:20876a000000000000000000000000000000000000000000000000000000000000000000ef
:20878a000000000000000000000000000000000000000000000000000000000000000000cf
:2087aa000000000000000000000000000000000000000000000000000000000000000000af
:0d87ca0000000000000000000000000000a2
:2087d700000000000000000000000000000000000000000000000000000000000000000082
:2087f700000000000000000000000000000000000000000000000000000000000000000062
:20881700000000000000000000000000000000000000000000000000000000000000000041
:0d8837000000000000000000000000000034
:20884400000000000000000000000000000000000000000000000000000000000000000014
:208864000000000000000000000000000000000000000000000000000000000000000000f4
:208884000000000000000000000000000000000000000000000000000000000000000000d4
:0d88a40000000000000000000000000000c7
:2088b1000000000000000000000000000000000000000000000000000000000000000000a7
:2088d100000000000000000000000000000000000000000000000000000000000000000087
:2088f100000000000000000000000000000000000000000000000000000000000000000067
:0d8911000000000000000000000000000059
:20891e00000000000000000000000000000000000000000000000000000000000000000039
:20893e00000000000000000000000000000000000000000000000000000000000000000019
:20895e000000000000000000000000000000000000000000000000000000000000000000f9
:0d897e0000000000000000000000000000ec
:20898b000000000000000000000000000000000000000000000000000000000000000000cc
:2089ab000000000000000000000000000000000000000000000000000000000000000000ac
:2089cb0000000000000000000000000000000000000000000000000000000000000000008c
:0d89eb00000000000000000000000000007f
:2089f80000000000000000000000000000000000000000000000000000000000000000005f
:208a180000000000000000000000000000000000000000000000000000000000000000003e
:208a380000000000000000000000000000000000000000000000000000000000000000001e
:0d8a58000000000000000000000000000011
:208a65000000000000000000000000000000000000000000000000000000000000000000f1
:208a85000000000000000000000000000000000000000000000000000000000000000000d1
:208aa5000000000000000000000000000000000000000000000000000000000000000000b1
:0d8ac50000000000000000000000000000a4
:208ad200000000000000000000000000000000000000000000000000000000000000000084
:208af200000000000000000000000000000000000000000000000000000000000000000064
:208b1200000000000000000000000000000000000000000000000000000000000000000241
:0d8b32000000000000000000000000000036
:208b3f00000000000000000000000000000000000000000000000000000000000000000016
:208b5f000000000000000000000000000000000000000000000000000000000000000000f6
:208b7f000000000000000000000000000000000000000000000000000000000000000000d6
:0d8b9f0000000000000000000000000000c9
:208bac000000000000000000000000000000000000000000000000000000000000000000a9
:208bcc00000000000000000000000000000000000000000000000000000000000000000089
:208bec00000000000000000000000000000000000000000000000000000000000000000069
:0d8c0c00000000000000000000000000005b
:208c190000000000000000000000000000000000000000000000000000000000000000003b
:208c390000000000000000000000000000000000000000000000000000000000000000001b
:208c59000000000000000000000000000000000000000000000000000000000000000000fb
:0d8c790000000000000000000000000000ee
:208c86000000000000000000000000000000000000000000000000000000000000000000ce
:208ca6000000000000000000000000000000000000000000000000000000000000000000ae
:208cc60000000000000000000000000000000000000000000000000000000000000000008e
:0d8ce6000000000000000000000000000081
:208cf300000000000000000000000000000000000000000000000000000000000000000061
:208d1300000000000000000000000000000000000000000000000000000000000000000040
:208d3300000000000000000000000000000000000000000000000000000000000000000020
:0d8d53000000000000000000000000000013
:208d60000000000000000000000000000000000000000000000000000000000000000000f3
:208d80000000000000000000000000000000000000000000000000000000000000000000d3
:208da0000000000000000000000000000000000000000000000000000000000000000000b3
:0d8dc00000000000000000000000000000a6
:208dcd00000000000000000000000000000000000000000000000000000000000000000086
:208ded00000000000000000000000000000000000000000000000000000000000000000066
:208e0d00000000000000000000000000000000000000000000000000000000000000000045
:0d8e2d000000000000000000000000000038
:208e3a00000000000000000000000000000000000000000000000000000000000000000018
:208e5a000000000000000000000000000000000000000000000000000000000000000000f8
:208e7a000000000000000000000000000000000000000000000000000000000000000000d8
:0d8e9a0000000000000000000000000000cb
:208ea7000000000000000000000000000000000000000000000000000000000000000000ab
:208ec70000000000000000000000000000000000000000000000000000000000000000008b
:208ee70000000000000000000000000000000000000000000000000000000000000000006b
:0d8f0700000000000000000000000000005d
:208f140000000000000000000000000000000000000000000000000000000000000000003d
:208f340000000000000000000000000000000000000000000000000000000000000000001d
:208f54000000000000000000000000000000000000000000000000000000000000000000fd
:0d8f740000000000000000000000000000f0
:208f81000000000000000000000000000000000000000000000000000000000000000000d0
:208fa1000000000000000000000000000000000000000000000000000000000000000000b0
:208fc100000000000000000000000000000000000000000000000000000000000000000090
:0d8fe1000000000000000000000000000083
:208fee00000000000000000000000000000000000000000000000000000000000000000063
:20900e00000000000000000000000000000000000000000000000000000000000000000042
:20902e00000000000000000000000000000000000000000000000000000000000000000022
:0d904e000000000000000000000000000015
:20905b000000000000000000000000000000000000000000000000000000000000000000f5
:20907b000000000000000000000000000000000000000000000000000000000000000000d5
:20909b000000000000000000000000000000000000000000000000000000000000000000b5
:0d90bb0000000000000000000000000000a8
:2090c800000000000000000000000000000000000000000000000000000000000000000088
:2090e800000000000000000000000000000000000000000000000000000000000000000068
:20910800000000000000000000000000000000000000000000000000000000000000000047
:0d912800000000000000000000000000003a
:2091350000000000000000000000000000000000000000000000000000000000000000001a
:209155000000000000000000000000000000000000000000000000000000000000000000fa
:209175000000000000000000000000000000000000000000000000000000000000000000da
:0d91950000000000000000000000000000cd
:2091a2000000000000000000000000000000000000000000000000000000000000000000ad
:2091c20000000000000000000000000000000000000000000000000000000000000000008d
:2091e20000000000000000000000000000000000000000000000000000000000000000006d
:0d920200000000000000000000000000005f
:20920f0000000000000000000000000000000000000000000000000000000000000000003f
:20922f0000000000000000000000000000000000000000000000000000000000000000001f
:20924f000000000000000000000000000000000000000000000000000000000000000000ff
:0d926f0000000000000000000000000000f2
:20927c000000000000000000000000000000000000000000000000000000000000000000d2
:20929c000000000000000000000000000000000000000000000000000000000000000000b2
:2092bc00000000000000000000000000000000000000000000000000000000000000000092
:0d92dc000000000000000000000000000085
:2092e900000000000000000000000000000000000000000000000000000000000000000065
:20930900000000000000000000000000000000000000000000000000000000000000000044
:20932900000000000000000000000000000000000000000000000000000000000000000024
:0d9349000000000000000000000000000017
:209356000000000000000000000000000000000000000000000000000000000000000000f7
:209376000000000000000000000000000000000000000000000000000000000000000000d7
:209396000000000000000000000000000000000000000000000000000000000000000000b7
:0d93b60000040000000000000000000000a6
:2093c30000000000000000000000000000000000000000000000000000000000000000008a
:2093e30000000000000000000000000000000000000000000000000000000000000000006a
:20940300000000000000000000000000000000000000000000000000000000000000000049
:0d942300000000000000000000000000003c
:2094300000000000000000000000000000000000000000000000000000000000000000001c
:209450000000000000000000000000000000000000000000000000000000000000000000fc
:209470000000000000000000000000000000000000000000000000000000000000000000dc
:0d94900000000000000000000000000000cf
:20949d000000000000000000000000000000000000000000000000000000000000000000af
:2094bd0000000000000000000000000000000000000000000000000100000000000000008e
:2094dd0000000000000000000000000000000000000000000000000000000000000000006f
:0d94fd000000000000000000000000000062
:20950a00000000000000000000000000000000000000000000000000000000000000000041
:20952a00000000000000000000000000000000000000000000000000000000000000000021
:20954a00000000000000000000000000000000000000000000000000000000000000000001
:0d956a0000000000000000000000000000f4
:209577000000000000000000000000000000000000000000000000000000000000000000d4
:209597000000000000000000000000000000000000000000000000000000000000000000b4
:2095b700000000000000000000000000000000000000000000000000000000000000000094
:0d95d7000000000000000000000000000087
:2095e400000000000000000000000000000000000000000000000000000000000000000067
:20960400000000000000000000000000000000000000000000000000000000000000000046
:20962400000000000000000000000000000000000000000000000000000000000000000026
:0d9644000000000000000000000000000019
:20965100002c000000000000000000000000000000000000000000000000000000000000cd
:209671000000000000000000000000000000000000000000000000000000000000000000d9
:209691000000000000000000000000000000000000000000000000000000000000000000b9
:0d96b10000000000000000000000000000ac
:2096be0000000000000000000000000000000000000000000000000000000000000000008c
:2096de0000000000000000000000000000000000000000000000000000000000000000006c
:2096fe0000000000000000000000000000000000000000000000000000000000000000004c
:0d971e00000000000000000000000000003e
:20972b0000000000000000000000000000000000000000000000000000000000000000001e
:20974b000000000000000000000000000000000000000000000000000000000000000000fe
:20976b000000000000000000000000000000000000000000000000000000000000000000de
:0d978b0000000000000000000000000000d1
:209798000000000000000000000000000000000000000000000000000000000000000000b1
:2097b800000000000000000000000000000000000000000000000000000000000000000091
:2097d800000000000000000000000000000000000000000000000000000000000000000071
:0d97f8000000000000000000000000000064
:20980500000000000000000000000000000000000000000000000000000000000000000043
:20982500000000000000000000000000000000000000000000000000100000000000000013
:20984500000000000000000000000000000000000000000000000000000000000000000003
:0d98650000000000000000000000000000f6
:209872000000001800000000000000000000000000000000000000000000000000000000be
:209892000000000000000000000000000000000000000000000000000000000000000000b6
:2098b200000000000000000000000000000000000000000000000000000000000000000096
:0d98d2000000000000000000000000000089
:2098df00000200000000000000000000000000000000000000000000000000000000000067
:2098ff00000000000000000000000000000000000000000000000000000000000000000049
:20991f00000000000000000000000000000000000000000000000000000000000000000028
:0d993f00000000000000000000000000001b
:20994c000000000000000000000000000000000000000000000000000000000000000000fb
:20996c000000000000000000000000000000000000000000000000000000000000000000db
:20998c000000000000000000000000000000000000000000000000000000000000000000bb
:0d99ac0000000000000000000000000000ae
:2099b90000000000000000000000000000000000000000000000000000000000000000008e
:2099d90000000000000000000000000000000000000000000000000000000000000000006e
:2099f90000000000000000000000000000000000000000000000000000000000000000004e
:0d9a19000000000000000000000000000040
:209a26000001000000000000000000000000000000000000000000000000000000002800f7
:209a4600000000000000000000000000000000000000000000000000000000000000000000
:209a66000000000000000000000000000000000000000000000000000000000000000000e0
:0d9a860000000000000000000000000000d3
:209a93008f0000000000000000000000000000000000000000000000000000000000000024
:209ab300000000000000000000000000000000000000000000000000000000000000000093
:209ad300000000000000000000000000000000000000000000000000000000000000000073
:0d9af3000000000000000000000000000066
:209b00008300000000000000000000000000000000000000000000000000000000000000c2
:209b2000000000000000000000000000000000000000000000000000000000000000000025
:209b4000000000000000000000000000000000000000000000000000000000000000000005
:0d9b600000000000000000000000000000f8
:209b6d00803c0000000000000000000000000000000000000000000000000000000000001c
:209b8d000000000000000000000000000000000000000000000000000000000000000000b8
:209bad00000000000000000000000000000000000000000000000000000000000000000098
:0d9bcd00000000000000000000000000008b
:209bda008004000000000000000000000000000000000000000000000000000000000000e7
:209bfa0000000000000000000000000000000000000000000000000000000000000000004b
:209c1a0000000000000000000000000000000000000000000000000000000000000000002a
:0d9c3a00000000000000000000000000001d
:209c470080000000000000000000000000000000000000000000010000000000000000007c
:209c670000000000000000000000000000000000000100000000000000400000000000009c
:209c87000000000000000000000000100000000000000000000000000000000000000000ad
:0d9ca70000000000000000000000000000b0
:209cb400400000000000000000000000000000000000000000000000000000000000000050
:209cd400000000000000000000000000000000000000000000000000000000000000000070
:209cf400000000000000000000000000000000000000000000000000000000000000000050
:0d9d14000000000000000000000000000042
:209d2100000000000000000000000000000000000000000000000000000000000000000022
:209d4100000000000000000000000000000000000000000000000000000000000000000002
:209d61000000000000000000000000000000000000000000000000000000000000000000e2
:0d9d810000000000000000000000000000d5
:209d8e000000000000000000000000000000000000000000000000000000000000000000b5
:209dae00000000000000000000000000000000000000000000000000000000000000000095
:209dce00000000000000000000000000000000000000000000000000000000000000000075
:0d9dee000000000000000000000000000068
:209dfb00000000000000000000000000000000000000000000000000000000000000000048
:209e1b00000000000000000000000000000000000000000000000000000000000000000027
:209e3b00000000000000000000000000000000000000000000000000000000000000000007
:0d9e5b0000000000000000000000000000fa
:209e68000000000000000000000000000000000000000000000000000000000000000000da
:209e88000000000000000000000000000000000000000000000000000000000000000000ba
:209ea80000000000000000000000000000000000000000000000000000000000000000009a
:0d9ec800000000000000000000000000008d
:209ed50000000000000000000000000000000000000000000000000000000000000000006d
:209ef50000000000000000000000000000000000000000000000000000000000000000004d
:209f150000000000000000000000000000000000000000000000000000000000000000002c
:0d9f3500000000000000000000000000001f
:209f42000000000000000000000000000000000000000000000000000000000000000000ff
:209f62000000000000000000000000000000000000000000000000000000000000000000df
:209f82000000000000000000000000000000000000000000000000000000000000000000bf
:0d9fa20000000000000000000000000000b2
:209faf00000000000000000000000000000000000000000000000000000000000000000092
:209fcf00000000000000000000000000000000000000000000000000000000000000000072
:209fef00000000000000000000000000000000000000000000000000000000000000000052
:0da00f000000000000000000000000000044
:20a01c00000000000000000000000000000000000000000000000000000000000000000024
:20a03c00000000000000000000000000000000000000000000000000000000000000000004
:20a05c000000000000000000000000000000000000000000000000000000000000000000e4
:0da07c0000000000000000000000000000d7
:20a089000000000000000000000000000000000000000000000000000000000000000000b7
:20a0a900000000000000000000000000000000000000000000000000000000000000000097
:20a0c900000000000000000000000000000000000000000000000000000000000000000077
:0da0e900000000000000000000000000006a
:20a0f60000000000000000000000000000000000000000000000000000000000000000004a
:20a11600000000000000000000000000000000000000000000000000000000000000000029
:20a13600000000000000000000000000000000000000000000000000000000000000000009
:0da1560000000000000000000000000000fc
:20a163000000000000000000000000000000000000000000000000000000000000000000dc
:20a183000000000000000000000000000000000000000000000000000000000000000000bc
:20a1a30000000000000000000000000000000000000000000000000000000000000000009c
:0da1c300000000000000000000000000008f
:20a1d00000000000000000000000000000000000000000000000000000000000000000006f
:20a1f00000000000000000000000000000000000000000000000000000000000000000004f
:20a2100000000000000000000000000000000000000000000000000000000000000000002e
:0da230000000000000000000000000000021
:20a23d00000000000000000000000000000000000000000000000000000000000000000001
:20a25d000000000000000000000000000000000000000000000000000040000000000000a1
:20a27d000000000000000000000000000000000000000000000000000000000000000000c1
:0da29d0000000000000000000000000000b4
:20a2aa00000000000000000000000000000000000000000000000000000000000000000094
:20a2ca00000000000000000000000000000000000000000000000000000000000000000074
:20a2ea00000000000000000000000000000000000000000000000000000000000000000054
:0da30a000000000000000000000000000046
:20a31700000000000000000000000000000000000000000000000000000000000000000026
:20a33700000000000000000000000000000000000000000000000000000000000000000006
:20a357000000000000000000000000000000000000000000000000000000000000000000e6
:0da3770000000000000000000000000000d9
:20a384000000000000000000000000000000000000000000000000000000000000000000b9
:20a3a400000000000000000000000000000000000000000000000000000000000000000099
:20a3c400000000000000000000000000000000000000000000000000000000000000000079
:0da3e400000000000000000000000000006c
:20a3f10000000000000000000000000000000000000000000000000000000000000000004c
:20a4110000000000000000000000000000000000000000000000000000000000000000002b
:20a4310000000000000000000000000000000000000000000000000000000000000000000b
:0da4510000000000000000000000000000fe
:20a45e000000000000000000000000000000000000000000000000000000000000000000de
:20a47e000000000000000000000000000000000000000000000000000000000000000000be
:20a49e0000000000000000000000000000000000000000000000000000000000000000009e
:0da4be000000000000000000000000000091
:20a4cb00000000000000000000000000000000000000000000000000000000000000000071
:20a4eb00000000000000000000000000000000000000000000000000000000000000000051
:20a50b00000000000000000000000000000000000000000000000000000000000000000030
:0da52b000000000000000000000000000023
:20a53800000000000000000000000000000000000000000000000000000000000000000003
:20a558000000000000000000000000000000000000000000000000000000000000000000e3
:20a578000000000000000000000000000000000000000000000000000000000000000000c3
:0da5980000000000000000000000000000b6
:20a5a500000000000000000000000000000000000000000000000000000000000000000096
:20a5c500000000000000000000000000000000000000000000000000000000000000000076
:20a5e500000000000000000000000000000000000000000000000000000000000000000056
:0da605000000000000000000000000000048
:20a61200000000000000000000000000000000000000000000000000000000000000000028
:20a63200000000000000000000000000000000000000000000000000000000000000000008
:20a652000000000000000000000000000000000000000000000000000000000000000000e8
:0da6720000000000000000000000000000db
:20a67f000000000000000000000000000000000000000000000000000000000000000000bb
:20a69f0000000000000000000000000000000000000000000000000000000000000000009b
:20a6bf0000000000000000000000000000000000000000000000000000000000000000007b
:0da6df00000000000000000000000000006e
:20a6ec0000000000000000000000000000000000000000000000000000000000000000004e
:20a70c0000000000000000000000000000000000000000000000000000000000000000002d
:20a72c0000000000000000000000000000000000000000000000000000000000000000000d
:0da74c000000000000000000000000000000
:20a759000000000000000000000000000000000000000000000000000000000000000000e0
:20a779000000000000000000000000000000000000000000000000000000000000000000c0
:20a799000000000000000000000000000000000000000000000000000000000000000000a0
:0da7b9000000000000000000000000000093
:20a7c600000000000000000000000000000000000000000000000000000000000000000073
:20a7e600000000000000000000000000000000000000000000000000000000000000000053
:20a80600000000000000000000000000000000000000000000000000000000000000000032
:0da826000000000000000000000000000025
:20a83300000000000000000000000000000000000000000000000000000000000000000005
:20a853000000000000000000000000000000000000000000000000000000000000000000e5
:20a873000000000000000000000000000000000000000000000000000000000000000000c5
:0da8930000000000000000000000000000b8
:20a8a000000000000000000000000000000000000000000000000000000000000000000098
:20a8c000000000000000000000000000000000000000000000000000000000000000000078
:20a8e000000000000000000000000000000000000000000000000000000000000000000058
:0da90000000000000000000000000000004a
:20a90d0000000000000000000000000000000000000000000000000000000000000000002a
:20a92d0000000000000000000000000000000000000000000000000000000000000000000a
:20a94d000000000000000000000000000000000000000000000000000000000000000000ea
:0da96d0000000000000000000000000000dd
:20a97a000000000000000000000000000000000000000000000000000000000000000000bd
:20a99a0000000000000000000000000000000000000000000000000000000000000000009d
:20a9ba0000000000000000000000000000000000000000000000000000000000000000007d
:0da9da000000000000000000000000000070
:20a9e700000000000000000000000000000000000000000000000000000000000000000050
:20aa070000000000000000000000000000000000000000000000000000000000000000002f
:20aa270000000000000000000000000000000000000000000000000000000000000000000f
:0daa47000000000000000000000000000002
:20aa54000000000000000000000000000000000000000000000000000000000000000000e2
:20aa74000000000000000000000000000000000000000000000000000000000000000000c2
:20aa94000000000000000000000000000000000000000000000000000000000000000000a2
:0daab4000000000000000000000000000095
:20aac100000000000000000000000000000000000000000000000000000000000000000075
:20aae100000000000000000000000000000000000000000000000000000000000000000055
:20ab0100000000000000000000000000000000000000000000000000000000000000000034
:0dab21000000000000000000000000000027
:20ab2e00800000000000000000000000000000000000000000000000000000000000000087
:20ab4e000000000000000000000000000000000000000000000000000000000000000000e7
:20ab6e000000000000000000000000000000000000000000000000000000000000000000c7
:0dab8e0000000000000000000000000000ba
:20ab9b00802c000000000000000000000000000000000000000000000000000000000000ee
:20abbb0000000000000000000000000000000000000000000000000000000000000000007a
:20abdb0000000000000000000000000000000000000000000000000000000000000000005a
:0dabfb00000000000000000000000000004d
:20ac080000000000000000000000000000000000000000000000000000000000000000002c
:20ac280000000000000000000000000000000000000000000000000000000000000000000c
:20ac48000000000000000000000000000000000000000000000000000000000000000000ec
:0dac680000000000000000000000000000df
:20ac75000b00000000000000000000000000000000000000000000000000000000000000b4
:20ac950000000000000000000000000000000000000000000000000000000000000000009f
:20acb50000000000000000000000000000000000000000000000000000000000000000007f
:0dacd5000000000000000000000000000072
:20ace2004c0000000000000000000000000000000000000000000000000000000000000006
:20ad0200000000000000000000000000000000000000000000000000000000000000000031
:20ad2200000000000000000000000000000000000000000000000000000000000000000011
:0dad42000000000000000000000000000004
:20ad4f00800000000000000000000000000000000000000000000000000000000000000064
:20ad6f000000000000000000000000000000000000000000000000000000000000000000c4
:20ad8f000000000000000000000000000000000000000000000000000000000000000000a4
:0dadaf000000000000000000000000000097
:20adbc004000400000000000000000000000000000000000000000000000000000000000f7
:20addc00000000000000000000000000000000000000000000000000000000000000000057
:20adfc00000000000000000000000000000000000000000000000000000000000000000037
:0dae1c000000000000000000000000000029
:20ae2900000000000000000000000000000000000000000000000000000000000000000009
:20ae49000000000000000000000000000000000000000000000000000000000000000000e9
:20ae69000000000000000000000000000000000000000000000000000000000000000000c9
:0dae890000000000000000000000000000bc
:20ae9600020200000000000000000000000000000000000000000000000000000000000098
:20aeb60000000000000000000000000000000000000000000000000000000000000000007c
:20aed60000000000000000000000000000000000000000000000000000000000000000005c
:0daef600000000000000000000000000004f
:20af030000000000000000000010000000000000000000000000000000000000000000001e
:20af230000000000000000000000000000000000000000000000000000000000000000000e
:20af43000000000000000000000000000000000000000000000000000000000000000000ee
:0daf630000000000000000000000000000e1
:20af70000000000000000000000000000000000000000000000000000000000000000000c1
:20af90000000000000000000000000000000000000000000000000000000000000000000a1
:20afb000000000000000000000000000000000000000000000000000000000000000000081
:0dafd0000000000000000000000000000074
:20afdd00002c00000000000000000000000000000000000000000000000000000000000028
:20affd00000000000000000000000000000000000000000000000000000000000000000034
:20b01d00000000000000000000000000000000000000000000000000000000000000000013
:0db03d000000000000000000000000000006
:20b04a000000000000000000000000000000000000000000000000000000000000000000e6
:20b06a000000000000000000000000000000000000000000000000000000000000000000c6
:20b08a000000000000000000000000000000000000000000000000000000000000000000a6
:0db0aa000000000000000000000000000099
:20b0b700000200000000000000000000000000002000000000000000000000000000000057
:20b0d700000000001000000000000010000000000000000000000000000000000000000039
:20b0f700000000000000000000000000000000000000000000000000010000000000000038
:0db11700000000000000000000000000002b
:20b124000000000000000000000000000000000010000000000000000000000000000000fb
:20b144000000000000000000000000200000000000000000000000000000000000000000cb
:20b164000000000000000000000000000000000000000000000000000000000000000000cb
:0db1840000000000000000000000000000be
:20b1910000000000000000000000000000000000000000000000000000000000000040005e
:20b1b100000000000100000000000000000000000000000000000004000000000000100069
:20b1d10000000000004000000000000000000000000000000000000000000000000000001e
:0db1f1000000000000000000000000000051
:20b1fe00000000000000000000000000000000000000000000000000000000000000000031
:20b21e000000000001000000000000000000000000000000000000040000000000001000fb
:20b23e000000000000400000000000000000000000000400000000000000000000000000ac
:0db25e0000000000000000000000000000e3
:20b26b000000000000000000000000000000000000000000000000000000000000000000c3
:20b28b000000000000000000000000000000000000000000000000000000000000000000a3
:20b2ab00000000000000000000000000000000000000000000000000000000000000000083
:0db2cb000000000000000000000000000076
:20b2d800000000000000000000000000000000000000000000000000000000000000000056
:20b2f800000000000000000000000000000000000000000000000000000000000000000036
:20b31800000000000000000000000000000000000000000000000000000000000000000015
:0db338000000000000000000000000000008
:20b345000000000000000000000000000000000000000000000000000000000000000000e8
:20b365000000000000000000000000000000000000000000000000000000000000000000c8
:20b385000000000000000000000000000000000000000400000000000000000000000000a4
:0db3a500000000000000000000000000009b
:20b3b20000000000000000000000000000000000000000000000000000000000000000007b
:20b3d200000000000100000000000000000000000000000000000004000000000000100046
:20b3f20000000000000000000000000000000000000000000000000000000000000000003b
:0db41200000000000000000000000000002d
:20b41f0000000000000000000000000000000000000000000000000000000000000000000d
:20b43f000000000000000000000000000000000000000000000000000000000000000000ed
:20b45f000000000000000000000000000000000000000000000000000000000000000000cd
:0db47f0000000000000000000000000000c0
:20b48c00000000000000000000000000000000000000000000000000000000000000400060
:20b4ac0000000000000000000000000400000000000000000000000000000000000000007c
:20b4cc0000000000004000000000000100000000000004000000000000100000000000000b
:0db4ec000000000000000100000000000052
:20b4f900000000000000000000000000000000000000000000000000000000000000000033
:20b51900000000000000000000000000000000000000000000000000000000000000000012
:20b539000000000000000000000000000000000000000000000000000000000000000000f2
:0db5590000000000000000000000000000e5
:20b566000000000000000000000000000000000000000000000000000000000000000000c5
:20b586000000000000000000000000000000000000000000000000000000000000000000a5
:20b5a600000000000000000000000000000000000000000000000000000000000000000481
:0db5c6000000000000000000000000000078
:20b5d300000000000000000000000000000000000000000000000000000000000000000058
:20b5f300000000000000000000000000000000000000000000000000000000000000000038
:20b61300000000000000000000000000000000000000000000000000000000000000000017
:0db63300000000000000000000000000000a
:20b640000000000000000000000000000000000000000000000000000000000000000000ea
:20b660000000000000000000000000000000000000000000000000000000000000000000ca
:20b680000000000000000000000000000000000000000000000000000000000000000000aa
:0db6a000000000000000000000000000009d
:20b6ad0000000000000000000000000000000000000000000000000000000000000000007d
:20b6cd0000000000000000000000000000000000000000000000000000000000000000005d
:20b6ed0000000000000000000000000000000000000000000000000000000000000000003d
:0db70d00000000000000000000000000002f
:20b71a0000000000000000000000000000000000000000000000000000000000000000000f
:20b73a000000000000000000000000000000000000000000000000000000000000000000ef
:20b75a000000000000000000000000000000000000000000000000000000000000000000cf
:0db77a0000000000000000000000000000c2
:20b787000000000000000000000000000000000000000000000000000000000000000000a2
:20b7a700000000000000000000000000000000000000000000000000000000000000000082
:20b7c700000000000000000000000000000000000000000000000000000000000000000062
:0db7e7000000000000000000000000000055
:20b7f400000000000000000000000000000000000000000000000000000000000000000035
:20b81400000000000000000000000000000000000000000000000000000000000000000014
:20b834000000000000000000000000000000000000000000000000000000000000000000f4
:0db8540000000000000000000000000000e7
:20b861000000000000000000000000000000000000000000000000000000000000000000c7
:20b881000000000000000000000000000000000000000000000000000000000000000000a7
:20b8a100000000000000000000000000000000000000000000000000000000000000000087
:0db8c100000000000000000000000000007a
:20b8ce0000000000000000000000000000000000000000000000000000000000000000005a
:20b8ee0000000000000000000000000000000000000000000000000000000000000000003a
:20b90e00000000000000000000000000000000000000000000000000000000000000000019
:0db92e00000000000000000000000000000c
:20b93b000000000000000000000000000000000000000000000000000000000000000000ec
:20b95b000000000000000000000000000000000000000000000000000000000000000000cc
:20b97b000000000000000000000000000000000000000000000000000000000000000000ac
:0db99b00000000000000000000000000009f
:20b9a80000000000000000000000000000000000000000000000000000000000000000007f
:20b9c80000000000000000000000000000000000000000000000000000000000000000005f
:20b9e80000000000000000000000000000000000000000000000000000000000000000003f
:0dba08000000000000000000000000000031
:20ba1500000000000000000000000000000000000000000000000000000000000000000011
:20ba35000000000000000000000000000000000000000000000000000000000000000000f1
:20ba55000000000000000000000000000000000000000000000000000000000000000000d1
:0dba750000000000000000000000000000c4
:20ba82000000000000000000000000000000000000000000000000000000000000000000a4
:20baa200000000000000000000000000000000000000000000000000000000000000000084
:20bac200000000000000000000000000000000000000000000000000000000000000000064
:0dbae2000000000000000000000000000057
:20baef00000000000000000000000000000000000000000000000000000000000000000037
:20bb0f00000000000000000000000000000000000000000000000000000000000000000016
:20bb2f000000000000000000000000000000000000000000000000000000000000000000f6
:0dbb4f0000000000000000000000000000e9
:20bb5c000000000000000000000000000000000000000000000000000000000000000000c9
:20bb7c000000000000000000000000000000000000000000000000000000000000000000a9
:20bb9c00000000000000000000000000000000000000000000000000000000000000000089
:0dbbbc00000000000000000000000000007c
:20bbc90000000000000000000000000000000000000000000000000000000000000000005c
:20bbe90000000000000000000000000000000000000000000000000000000000000000003c
:20bc090000000000000000000000000000000000000000000000000000000000000000001b
:0dbc2900000000000000000000000000000e
:20bc36000000000000000000000000000000000000000000000000000000000000040000ea
:20bc56000000000000000000000000000000000000000000000000000000000000000000ce
:20bc76000000000000000000000000000000000000000000000000000000000000000000ae
:0dbc960000000000000000000000000000a1
:20bca300000000000000000000000000000000000000000000000000000000000000000081
:20bcc300000000000000000000000000000000000000000000000000000000000000000061
:20bce300000000000000000000000000000000000000000000000000000000000000000041
:0dbd03000000000000000000000000000033
:20bd1000000000000000000000000000000000000000000000000000000000000000000013
:20bd30000000000000000000000000000000000000000000000000000000000000000000f3
:20bd50000000000000000000000000000000000000000000000000000000000000000000d3
:0dbd700000000000000000000000000000c6
:20bd7d000000000000000000000000000000000000000000000000000000000000000000a6
:20bd9d00000000000000000000000000000000000000000000000000000000000000000086
:20bdbd00000000000000000000000000000000000000000000000000000000000000000066
:0dbddd000000000000000000000000000059
:20bdea00000000000000000000000000000000000000000000000000000000000000000039
:20be0a00000000000000000000000000000000000000000000000000000000000000000018
:20be2a000000000000000000000000000000000000000000000000000000000000000000f8
:0dbe4a0000000000000000000000000000eb
:20be57000000000000000000000000000000000000000000000000000000000000000000cb
:20be77000000000000000000000000000000000000000000000000000000000000000000ab
:20be970000000000000000000000000000000000000000000000000000000000000000008b
:0dbeb700000000000000000000000000007e
:20bec40000000000000000000000000000000000000000000000000000000000000000005e
:20bee40000000000000000000000000000000000000000000000000000000000000000003e
:20bf040000000000000000000000000000000000000000000000000000000000000000001d
:0dbf24000000000000000000000000000010
:20bf31000000000000000000000000000000000000000000000000000000000000000000f0
:20bf51000000000000000000000000000000000000000000000000000000000000000000d0
:20bf71000000000000000000000000000000000000000000000000000000000000000000b0
:0dbf910000000000000000000000000000a3
:20bf9e00000000000000000000000000000000000000000000000000000000000000000083
:20bfbe00000000000000000000000000000000000000000000000000000000000000000063
:20bfde00000000000000000000000000000000000000000000000000000000000000000043
:0dbffe000000000000000000000000000036
:20c00b00000000000000000000000000000000000000000000000000000000000000000015
:20c02b000000000000000000000000000000000000000000000000000000000000000000f5
:20c04b000000000000000000000000000000000000000000000000000000000000000000d5
:0dc06b0000000000000000000000000000c8
:20c078000000000000000000000000000000000000000000000000000000000000000000a8
:20c09800000000000000000000000000000000000000000000000000000000000000000088
:20c0b800000000000000000000000000000000000000000000000000000000000000000068
:0dc0d800000000000000000000000000005b
:20c0e50000000000000000000000000000000000000000000000000000000000000000003b
:20c1050000000000000000000000000000000000000000000000000000000000000000001a
:20c125000000000000000000000000000000000000000000000000000000000000000000fa
:0dc1450000000000000000000000000000ed
:20c152000000000000000000000000000000000000000000000000000000000000000000cd
:20c172000000000000000000000000000000000000000000000000000000000000000000ad
:20c1920000000000000000000000000000000000000000000000000000000000000000008d
:0dc1b2000000000000000000000000000080
:20c1bf00000000000000000000000000000000000000000000000000000000000000000060
:20c1df00000000000000000000000000000000000000000000000000000000000000000040
:20c1ff00000000000000000000000000000000000000000000000000000000000000000020
:0dc21f000000000000000000000000000012
:20c22c000000000000000000000000000000000000000000000000000000000000000000f2
:20c24c000000000000000000000000000000000000000000000000000000000000000000d2
:20c26c000000000000000000000000000000000000000000000000000000000000000000b2
:0dc28c0000000000000000000000000000a5
:20c29900000000000000000000000000000000000000000000000000000000000000000085
:20c2b900000000000000000000000000000000000000000000000000000000000000000065
:20c2d900000000000000000000000000000000000000000000000000000000000000000045
:0dc2f9000000000000000000000000000038
:20c30600000000000000000000000000000000000000000000000000000000000000000017
:20c326000000000000000000000000000000000000000000000000000000000000000000f7
:20c346000000000000000000000000000000000000000000000000000000000000000000d7
:0dc3660000000000000000000000000000ca
:20c373000000000000000000000000000000000000000000000000000000000000000000aa
:20c3930000000000000000000000000000000000000000000000000000000000000000008a
:20c3b30000000000000000000000000000000000000000000000000000000000000000006a
:0dc3d300000000000000000000000000005d
:20c3e00000000000000000000000000000000000000000000000000000000000000000003d
:20c4000000000000000000000000000000000000000000000000000000000000000000001c
:20c420000000000000000000000000000000000000000000000000000000000000000000fc
:0dc4400000000000000000000000000000ef
:20c44d000000000000000000000000000000000000000000000000000000000000000000cf
:20c46d000000000000000000000000000000000000000000000000000000000000000000af
:20c48d0000000000000000000000000000000000000000000000000000000000000000008f
:0dc4ad000000000000000000000000000082
:20c4ba00000000000000000000000000000000000000000000000000000000000000000062
:20c4da00000000000000000000000000000000000000000000000000000000000000000042
:20c4fa00000000000000000000000000000000000000000000000000000000000000000022
:0dc51a000000000000000000000000000014
:20c527000000000000000000000000000000000000000000000000000000000000000000f4
:20c547000000000000000000000000000000000000000000000000000000000000000000d4
:20c567000000000000000000000000000000000000000000000000000000000000000000b4
:0dc5870000000000000000000000000000a7
:20c59400020000000000000000000000000000000000000000000000000000000000000085
:20c5b400000000000000000000000000000000000000000000000000000000000000000067
:20c5d400000000000000000000000000000000000000000000000000000000000000000047
:0dc5f400000000000000000000000000003a
:20c60100000000000000000000000000000000000000000000000000000000000000000019
:20c621000000000000000000000000000000000000000000000000000000000000000000f9
:20c641000000000000000000000000000000000000000000000000000000000000000000d9
:0dc6610000000000000000000000000000cc
:20c66e000000000000000000000000000000000000000000000000000000000000000000ac
:20c68e0000000000000000000000000000000000000000000000000000000000000000008c
:20c6ae0000000000000000000000000000000000000000000000000000000000000000006c
:0dc6ce00000000000000000000000000005f
:20c6db0000000000000000000000000000000000000000000000000000000000000000003f
:20c6fb0000000000000000000000000000000000000000000000000000000000000000001f
:20c71b000000000000000000000000000000000000000000000000000000000000000000fe
:0dc73b0000000000000000000000000000f1
:20c748000000000000000000000000000000000000000000000000000000000000000000d1
:20c768000000000000000000000000000000000000000000000000000000000000000000b1
:20c78800000000000000000000000000000000000000000000000000000000000000000091
:0dc7a8000000000000000000000000000084
:20c7b500000000000000000000000000000000000000000000000000000000000000000064
:20c7d500000000000000000000000000000000000000000000000000000000000000000044
:20c7f500000000000000000000000000000000000000000000000000000000000000000024
:0dc815000000000000000000000000000016
:20c822000000000000000000000000000000000000000000000000000000000000000000f6
:20c842000000000000000000000000000000000000000000000000000000000000000000d6
:20c862000000000000000000000000000000000000000000000000000000000000000000b6
:0dc8820000000000000000000000000000a9
:20c88f00000000000000000000000000000000000000000000000000000000000000000089
:20c8af00000000000000000000000000000000000000000000000000000000000000000069
:20c8cf00000000000000000000000000000000000000000000000000000000000000000049
:0dc8ef00000000000000000000000000003c
:20c8fc0000000000000000000000000000000000000000000000000000000000000000001c
:20c91c000000000000000000000000005000000000000000000000000000000000000000ab
:20c93c000000000000000000000000000000000000000000000000000000000000000000db
:0dc95c0000000000000000000000000000ce
:20c969000000000000000000000000000000000000000000000000000000000000000000ae
:20c9890000000000000000000000000000000000000000000000000000000000000000008e
:20c9a90000000000000000000000000000000000000000000000000000000000000000006e
:0dc9c9000000000000000000000000000061
:20c9d60002000000000000000000000000000000000000000000000000000000000000003f
:20c9f600000000000000000000000000000000000000000000000000000000000000000021
:20ca1600000000000000000000000000000000000000000000000000000000000000000000
:0dca360000000000000000000000000000f3
:20ca43000000000000000000000000000000000000000000000000000000000000000000d3
:20ca63000000000000000000000000000000000000000000000000000000000000000000b3
:20ca8300000000000000000000000000000000000000000000000000000000000000000093
:0dcaa3000000000000000000000000000086
:20cab000000000000000000000000000000000000000000000000000000000000000000066
:20cad000000000000000000000000000000000000000000000000000000000000000000046
:20caf000000000000000000000000000000000000000000000000000000000000000000026
:0dcb10000000000000000000000000000018
:20cb1d000000000000000000000000000000000000000000000000000000000000000000f8
:20cb3d000000000000000000000000000000000000000000000000000000000000000000d8
:20cb5d000000000000000000000000000000000000000000000000000000000000000000b8
:0dcb7d0000000000000000000000000000ab
:20cb8a0000000000000000000000000000000000000000000000000000000000000000008b
:20cbaa0000000000000000000000000000000000000000000000000000000000000000006b
:20cbca0000000000000000000000000000000000000000000000000000000000000000004b
:0dcbea00000000000000000000000000003e
:20cbf70000000000000000000000000000000000000000000000000000000000000000001e
:20cc17000000000000000000000000000000000000000000000000000000000000000000fd
:20cc37000000000001000000000000000000000000000000000000000000000000000000dc
:0dcc570000000000000000000000000000d0
:20cc64000000000000000000000000000000000000000000000000000000000000000000b0
:20cc8400000000000000000000000010000000000000000000000000000000000000000080
:20cca40000000000020000000000000000000000000000000000000000000000000000006e
:0dccc4000000000000000000000000000063
:20ccd100002c00000000000000000000000000000000000000000000000000000000000017
:20ccf100000000000000000000000000000000000000000000000000000000000000000023
:20cd11000000000020000000000000000000000000000000000000000000000000000000e2
:0dcd310000000000000000000000000000f5
:20cd3e000000000000000000000000000000000000000000000000000000000000000000d5
:20cd5e000000000000000000000000000000000000000000000000000000000000000000b5
:20cd7e00000000003000000000000000000000000000000000000000000000000000000065
:0dcd9e000000000000000000000000000088
:20cdab00000000000000000000000000000000000000000000000000000000000000020066
:20cdcb00000000000000000000000000000000000000000000000000000000000000000048
:20cdeb00000000000100100000000000000000000000000000000000000000000000000017
:0dce0b00000000000000000000000000001a
:20ce18000000000000000000002000000000000000000000000000000000000000000100d9
:20ce38000000000000000000000000000000000000000000000000000000000000020000d8
:20ce5800000000000200800000000000000000000000000000000000000000000000000038
:0dce780000000000000000000000000000ad
:20ce850000000000000000000000000000000000000000000000000000000000000000008d
:20cea50000000000000000000000000000000000000000000000000000000000000000006d
:20cec50000000000000000000000000000000000000000000000000000000000000000004d
:0dcee5000000000000000000000000000040
:20cef200000000000000000000000000000000000000000000000000000000000000000020
:20cf12000000000000000000000000000000000000000000000000000000000000000000ff
:20cf32000000000000000000000000000000000000000000000000000000000000000000df
:0dcf520000000000000000000000000000d2
:20cf5f000002000000000000000000000000000000000000000000000000000000000000b0
:20cf7f00000000000000000000000000000000000000000000000000000000000000000092
:20cf9f00000000000000000000000000000000000000000000000000000000000000000072
:0dcfbf000000000000000000000000000065
:20cfcc000070000000000000000000000000000000000000000000000000000000000000d5
:20cfec00000000000000000000000000000000000002000000000000000000000000000023
:20d00c00000000000000000000000000000000000000000000000000000000000000000004
:0dd02c0000000000000000000000000000f7
:20d039000000000000000000000000000000000000000000000000000000000000000000d7
:20d05900000000000000000000000000000a000000000000000000000000000000000000ad
:20d07900000000000000000000000000000000000000000000000000000000000000000097
:0dd09900000000000000000000000000008a
:20d0a600000100000000000000000000000000000000000000000000000000000000000069
:20d0c60000000000000000000000000000000000000000000000000000000000000000004a
:20d0e60000000000000000000000000000000000000000000000000000000000000000002a
:0dd10600000000000000000000000000001c
:20d113008b0000000000000000000000000000000040000000000000000000000000000031
:20d133000000000000000000000000002000000000000000000000000000000000000000bc
:20d15300000000000000b000000000000000000000000020000000000000000000000000ec
:0dd1730000000000000000000000000000af
:20d18000870000000000000000000000000000000000000000000000000000000000000008
:20d1a00000000000000000000000000010000000000000000000000000000000000000005f
:20d1c0000000000000000000000000000000000000000050000000000000000000000000ff
:0dd1e0000000000000000000000000000042
:20d1ed008000000000000000000000000000000000000000000000000000000000000000a2
:20d20d00000000000000000000000000000000000000000000000000000000000000000001
:20d22d000000000020000000000000000000000000000000000000000000000000000000c1
:0dd24d0000000000000000000000000000d4
:20d25a000000000000000000000000000000000000000000000000040000000000000000b0
:20d27a00000000000000000000000000000000000000000000000000000000000000000094
:20d29a0000000000380000000000000000000000000000000000000000000000000000003c
:0dd2ba000000000000000000000000000067
:20d2c7008000000000000000000000000000000000000000000000000000000000000000c7
:20d2e70000000000000000000000000000000403c040000000000000000000000000000020
:20d30700000000000000000003d4041000000000000000000000000000000000000000001b
:0dd3270000000000000000000000000000f9
:20d33400400040000000000000000000000000000000000000000000000000000000000059
:20d3540000000000000000000000000000000683c40000000000000000000000000000006c
:20d3740000000000000000072bd50000000000000000000000000000000000000000000092
:0dd39400000000000000000000000000008c
:20d3a10000000000000000000000000000000000000000000000000000000000000000006c
:20d3c1000000000000000000000000000000000000000000000002000500003c0008000001
:20d3e10000000000000000000000000000000000000000000000000000000000000000002c
:0dd40100000000000000000000000000001e
:20d40e000000000000000000000000000000000000000000000000000000000000000000fe
:20d42e000000000000000000000000000000000000000000000003000800033c100c000078
:20d44e000000000000001000000000000000000000000000000000000000000000000000ae
:0dd46e0000000000000000000000000000b1
:20d47b00000000000000000000000000000000000000000000000000000000000000000091
:20d49b000000000000000000000000000000003c0000000000000000000000000000001421
:20d4bb000000000000000007016804000000000000000000000000000000000000000000dd
:0dd4db000000000000000000000000000044
:20d4e800000000000000000000000000000000000000000000000000000000000000000024
:20d50800000000000000000000000000000002bc1000000000000000000000000000000035
:20d5280000000000000001c802950000000000000000000000000000000000000000000083
:0dd5480000000000000000000000000000d6
:20d555000000000000000000000000000000000000000000000000000000000000000000b6
:20d575000000000000000000000000000000000000000000000000000000043c0000000056
:20d59500000000000000000000000000000000000000000000000000000000000000000076
:0dd5b5000000000000000000000000000069
:20d5c200000000000000000000000000000000000000000000000000000000000000000049
:20d5e200000000000000000000000000000000000000000000000000000006bc1000000057
:20d60200000000000000000000000000000000000000000000000000000000000000000008
:0dd6220000000000000000000000000000fb
:20d62f000000000000000000000000000000000000000000000000000000000000000000db
:20d64f000000000000000000000000000000000000000000000000000100003c000000007e
:20d66f000000f00800000000000000000000000000000000000000000000000000000000a3
:0dd68f00000000000000000000000000008e
:20d69c0000000000000000000000000000000000000000000000000000000000000000006e
:20d6bc00000000000000000000000000000000000000000100000000080007bc1000000072
:20d6dc00000ef04000000000000000000010000000000000000000000000000000000000e0
:0dd6fc000000000000000000000000000021
:20d70900000000000000000000000000000000000000000000000000000000000000000000
:20d729000000000000000000000000000000000000000000000000000100000000000000df
:20d749000000000000000000000000000000000000000000000000000000000000000000c0
:0dd7690000000000000000000000000000b3
:20d77600000000000000000000000000000000000000000000000000000000000000000093
:20d79600000000000000000000000000000000000000000000000000081800000000000053
:20d7b600000000000000000000000000000000000000000000000000000000000000000053
:0dd7d6000000000000000000000000000046
:20d7e300000000000000000000000000000000000000000000000000000000000000000026
:20d803000000000000000000000003000700000000000000000002000000000000080000f1
:20d823000000000030000000000000000000000000000000000000000000000000000000b5
:0dd8430000000000000000000000000000d8
:20d850000000000000000000000000000000000000000000000000000000000000000000b8
:20d87000000000000000000000000100001c00000000000000000100000000000004000076
:20d89000000000003000000000000000000000000000000000000000000000000000000048
:0dd8b000000000000000000000000000006b
:20d8bd0000000000000000000000000000000000000000000000000000000000000000004b
:20d8dd0000000000000000000000020000000000000000000000020000000000000800001f
:20d8fd000000000020000000000000000000000000000000000000000000000000000000eb
:0dd91d0000000000000000000000000000fd
:20d92a000000000000000000000000000000000000000000000000000000000000000000dd
:20d94a0000000000000000000000008000000000000000000000038000000000000e0000ac
:20d96a00000000000800000000000000000000000000000000000000000000000000000095
:0dd98a000000000000000000000000000090
:20d99700000000000000000000000000000000000000000000000000000000000000000070
:20d9b7000000000000000000000000000000000000000000000000000000003c0000000014
:20d9d700000000000000000000000000000000000000000000000000000000000000000030
:0dd9f7000000000000000000000000000023
:20da0400000000000000000000000000000000000000000000000000000000000000000002
:20da2400000000000000000000000000000000000000000000000000000006bc1000000010
:20da44000000000000000000000000000000000000000000000000000000000000000000c2
:0dda640000000000000000000000000000b5
:20da7100000000000000000000000000000000000000000000000000000000000000000095
:20da9100000000000000000000000000000000000000000000000000051000000008000058
:20dab1000000000000000800000000000340000000000000000000000000000010f000000a
:0ddad1000000000000000000000000000048
:20dade00000000000000000000000000000000000000000000000000000000000000000028
:20dafe00000000000000000000000000038000000000000000000000081c0000000c000055
:20db1e00000000000000380000000000020000000000000000000000000000301ef040002f
:0ddb3e0000000000000000000000000000da
:20db4b000000000000000000000000000000000000000000000000000000000000000000ba
:20db6b0000000000000000000000000000000000000000000000000005807028000000007d
:20db8b000000f000000000000000000000000000000000001000000000000000000000007a
:0ddbab00000000000000000000000000006d
:20dbb80000000000000000000000000000000000000000000000000000000000000000004d
:20dbd800000000000000000000000008000e0000000000000000000009007e3d480000000b
:20dbf800001cf0408000000000000000000000000000000008000000000000380000000001
:0ddc180000000000000000000000000000ff
:20dc25000000000000000000000000000000000000000000000000000000000000000000df
:20dc45000083d4000000000000000000000000000000000000000000000978154000000290
:20dc65000000f0000000000003c0000002c0000f008000000000000000000000000000009b
:0ddc85000000000000000000000000000092
:20dc9200000000000000000000000000000000000000000000000000000000000000000072
:20dcb2000363d404000000000000000007000000000000000000000005805ba94000001430
:20dcd200001af040000000007bc10000000001cf0400000380000000000000000000000055
:0ddcf2000000000000000000000000000025
:20dcff00000000000000000000000000000000000000000000000000000000000000000005
:20dd1f00f000000000000000000000000000702940000000000000000000782800000c006f
:20dd3f000000f0000000000000000000000300000000000000003c00000000000000000095
:0ddd5f0000000000000000000000000000b7
:20dd6c00000000000000000000000000000000000000000000000000000000000000000097
:20dd8c0000000000000000000000000000008016900000000000000000001ebd4000000036
:20ddac00000af0400001000000000000000040000000000000073c10400000000000000049
:0dddcc00000000000000000000000000004a
:20ddd90000000000000000000000000000000000000000000000000000000000001000001a
:20ddf9000000000000000000000000000000000000000140000000000d1a9c2a8000000458
:20de19000000000000000000000000000000000000000000000000000000000000000000e9
:0dde390000000000000000000000000000dc
:20de460000000000000000000000000000000000000000000000000000000000003000008c
:20de6600000000000000000000000000000000000000000000000000000a3fa94020003416
:20de860000000000000000000000000000000000000000000000000000000000000000007c
:0ddea600000000000000000000000000006f
:20deb30000000000000000000000000000000000000000000000000000000000000000004f
:20ded3000000000000000000000003000000000000000080000000000d00f4280008000477
:20def3000000f00810000000000000400000000000030000000000000c00000000000000b8
:0ddf13000000000000000000000000000001
:20df20000000000000000000000000000000000000000000000000000000000000000000e1
:20df4000000000000000000000000300000000000000000000000000000096bd48040020ff
:20df6000001af04010000000000000c00000000000030000000000000c0000000000000078
:0ddf80000000000000000000000000000094
:20df8d00000000000000000000000000000000000000000000000000000000000000001064
:20dfad00000000000000000000000200500090294000000000000000009000000008000071
:20dfcd0000000000200000000000008000001c05a0020000000000000800000000000000c9
:0ddfed000000000000000000000000000027
:20dffa0000000000000000000000000000000000000000000000000a0000000000000000fd
:20e01a0000000000000000000000008020000016980000000000000005080000000e000677
:20e03a000000000008000000000000200000200a548080000000000002000000000000001e
:0de05a0000000000000000000000000000b9
:20e06700000000000000000000000000000000000000000000000000000000000000000099
:20e0870000000000000000000000000000100003c0000000000000000080703d4000000039
:20e0a7000000f000000000e000000000000000000000000000000000000000000000000089
:0de0c700000000000000000000000000004c
:20e0d400060000000000000000000000000000000000000000000000000000000000000026
:20e0f40000000000000000000000000000080703d000000000000000010a57280800000098
:20e114000018f04000000000000000000000000000000000000000000000000000000000a3
:0de1340000000000000000000000000000de
:20e141000000000000000000000000000000000000000000000000000000000000000000be
:20e16100d0000000800002010f00000010005015400000000000000001000000000800007e
:20e181002000f000000031bdfbe8800000020205500a000000576d400000000000000000b6
:0de1a100010000000000000004000000006c
:20e1ae00000000180000000000000000000000000000000000000000000000000000000039
:20e1ce0010000000c00000418f04000000009aa9400000000000000000000000000c0000fe
:20e1ee00040cf058000000957f6c000000000e855001000000bb18904000000000000000b2
:0de20e000000000000000000030000000000
:20e21b000000000000000000000000000000000000000000000000000000000000000000e3
:20e23b0000000000000000010f000000000000000000008000000000000810388000000063
:20e25b000010f000020000000000000000000200f008000f90000000000000000000000008
:0de27b000000000000000000000000000096
:20e28800000000000000000000000000000000000000000000000000000000000000000175
:20e2a800e0000000000000008f0500000000000000000140000000000000073440800006a0
:20e2c800000af040000001c00000000000001e8f0800000d980000000000000000000000e1
:0de2e8000000000000000000000000000029
:20e2f500000000000000000000000000000000000000000000000000000000000000000009
:20e3150000000000000000000f000000000000000000000000000000008f783d4000000055
:20e335000000f000000000900000000000020000f00000030c776d40400000037c2600003e
:0de35500000000000000000000010f0000ab
:20e3620000000000000000000000000000000000000000000000000001000000000030006a
:20e3820000000000000000018f0400200000000000000000000000000381be28000000005d
:20e3a200000ef04100000000000000000003948f080000000072989800800c03693d010016
:0de3c20000000000000000000001ef060058
:20e3cf0000020000000000000000000000000000000000000000000000000000000000002c
:20e3ef0000000000000000000f0000400000000000000000000000000000000000000004bb
:20e40f00000000000008000f7498000000000200f080002b09000000000000000000000024
:0de42f00000000000000000003800000005d
:20e43c000000000000000000000000000000000000000000000000000000000000000000c0
:20e45c000000000000000000af0400400000000000000e00000000000000000000000e2071
:20e47c000000000000000001fcf4400000000e8f0800004f9f0000000008000000000000b4
:0de49c000000000000000000000000000073
:20e4a900004000000000000000000000000000000000000000000000000000000000000013
:20e4c90000000000000000010f0000000500582a800000000000000007805036c00044000b
:20e4e9002c10f000010000000000000000024000f000000d00bc2f0020000060000000003c
:0de509000000000000000000000000000005
:20e5160002790000000000000000000000000000000000000000000000000000000000006a
:20e536000000000000000601af041000081a5aa94800000000000000050090204080800099
:20e556000008f040000000000000000001c0568f08100008003b9912800000280000000019
:0de576000000000000000000000000000098
:20e58300200000000000000000000000000000000000000000000000000000000030000028
:20e5a3000000000080004000000000280d000000000000000000000000005014c008000037
:20e5c3002c10f000000000d00000000014200200f0000000001617000000000000000000e9
:0de5e30000000000000040000000000000eb
:20e5f0003000000000000000000000000000000000000000000000000000000000300000ab
:20e61000000000004002000000000010010000000000000000000000000c87a8c084000018
:20e63000601af04000000090000000000860048f080000070eb31b000000000000000000aa
:0de65000000000000000c0000000000000fd
:20e65d008000000000000000000000000000000000000000000000000000000000200000fd
:20e67d000000000080004300000000000d00000000000000000000000d00fc2a80080000f2
:20e69d000010f000000008000000000000000000f002000900b02f02400000037c7608003c
:0de6bd0000000000000080000000000000d0
:20e6ca00000000000000000000000000000000000000000000000000000000000008000028
:20e6ea0000000000e00200000000000000000000000000000000000050005229400e000015
:20e70a00000af04000005000000000000000048f0803800000329910800000036938000048
:0de72a0000000000000020000000000000c2
:20e737000000000000000000000000000000000000000000000000000000000000000000c2
:20e7570000403c00000000010f000000000000000000000000000000050f00000000000002
:20e777002010f0000000000f75d8000002440200f040000f00162b000000003c0000000002
:0de797000000000000000000000000000273
:20e7a400000000000000000000000000000000000000000000000000000000000000000055
:20e7c40000783d8000000601ef040400000000000000000000000000000100000000000001
:20e7e400041ef04800000001fce080000216168f0800000800b31b000000000000000000c3
:0de804000000000000000000000000000007
:02e81100000005
:02e813001102f0
:02e815000101ff
:20e817000000000000000000000000000000000000000000000000000000000000000000e1
:20e837000000000000000000000000000000000000000000000000000000000002000000bf
:20e857000000000000000000000000000000000000000000000000000000000000000000a1
:0de877000000000000000000000000000094
:20e88400000000000000000000000000000000000000000000000000000000000000000074
:20e8a400000000000000000000000000000000000000000000000000000000000000000054
:20e8c400000000000000000000000000000000000000000000000000000000000000000034
:0de8e4000000000000000000000000000027
:20e8f100000000000000000000000000000000000000000000000000000000000000000007
:20e911000000000000000000000000000000000000000000000000000000000002000000e4
:20e931000000000000000800000000000000000000000000000000000000000000000000be
:0de9510000000000000000000000000000b9
:20e95e00000000000000000000000000000000000000000000000000000000000000000099
:20e97e00000000000000000000000000000000000000000000000000000000000000000079
:20e99e00000000000000000000000000000000000000000000000000000000000000000059
:0de9be00000000000000000000000000004c
:20e9cb0000000000000000000000000000000000000000000000000000000000000000002c
:20e9eb00000000000000000000000000000000000000000000000000002001a0010000004a
:20ea0b000000000000000000000000000000000000000000000000000000000000000000eb
:0dea2b0000000000000000000000000000de
:20ea38000000000000000000000000000000000000000000000000000000000000000000be
:20ea580000000000000000000000000000000000000000000000000000200000000000007e
:20ea780000000000000000000000000000000000000000000000000000000000000000007e
:0dea98000000000000000000000000000071
:20eaa500000000000000000000000000000000000000000000000000000000000000000051
:20eac500000000000000000000000000000000000000000000000000000000000000000031
:20eae500000000000000000000000000000000000000000000000000000000000000000011
:0deb050000000000000000000020000000e3
:20eb12000000000000000000000000000000000000000000000000000000000000000000e3
:20eb3200000000000000000000000000000000000000000000000000000000e001000000e2
:20eb52000000000000000000000000000000000000000000000000000000000000000000a3
:0deb72000000000000000000000000000096
:20eb7f00000000000000000000000000000000000000000000000000000000000000000076
:20eb9f000000000000000000000000000000000000000000000000000000c0000000000096
:20ebbf00000000000000000000000000000000000000000000000000000000000000000036
:0debdf0000000000000000000010380000e1
:20ebec00000000000000000000000000000000000000000000000000000000000000000009
:20ec0c000000000000000000000000000000000000000000000000000000000000000000e8
:20ec2c000000000000000000000000000000000000000000000000000000000000000000c8
:0dec4c00000000000000000000004000007b
:20ec590000000000000000000000000000000000000000000000000000000000000000009b
:20ec790000000000000000000000000000000000000000000000000000c0000000000000bb
:20ec990000000000000000000000000000000000000000000000000000000000000000005b
:0decb90000000000000000000c0000000042
:20ecc60000000000000000000000000000000000000000000000000000000000000000002e
:20ece6000000000000000000000000000000000000000000000000000040000001000000cd
:20ed06000000000000000000000000000000000000000000000000000000000000000000ed
:0ded260000000000000000008400000080dc
:20ed33000000000000000000000000000000000000000000000000000000000000000000c0
:20ed53000000000000000000000000000000000000000000000000000000000000000000a0
:20ed7300000000000000000000000000000000000000000000000000000000000000000080
:0ded930000000000000000000000000080f3
:20eda000000000000000000000000000000000000000000000000000000000000000000053
:20edc000000000000000000000000000000000000000000000000000000000000200000031
:20ede000000000000000000000000000000000000000000000000000000000000000000013
:0dee00000000000000000000000000008085
:20ee0d000000000000000000000000000000000000000000000000000000000000000000e5
:20ee2d00000000000000000000000000000000000000000000000000000080000000000045
:20ee4d000000000000000000000000000000000000000000000000000000000000000000a5
:0dee6d000000000000000000000040000058
:20ee7a00000000000000000000000000000000000000000000000000000000000000000078
:20ee9a00000000000000000000000000000000000000000000000000000000000100000057
:20eeba00000000000000000000000000000000000000000000000000000000000000000038
:0deeda0000000000000000000000380040b3
:20eee70000000000000000000000000000000000000000000000000000000000000000000b
:20ef07000000000000000000000000000000000000000000000000000000000000000000ea
:20ef27000000000000000000000000000000000000000000000000000000000000000000ca
:0def470000000000000000000000000000bd
:20ef540000000000000000000000000000000000000000000000000000000000000000009d
:20ef740000000000000000000000000000000000000000000000000000000000000000007d
:20ef940000000000000000000000000000000000000000000000000000000000000000005d
:0defb4000000000000000000000000000050
:20efc100000000000000000000000000000000000000000000000000000000000000000030
:20efe100000000000000000000000000000000000000000000000000000000000000000010
:20f001000000000000000000000000000000000000000000000000000000000000000000ef
:0df0210000000000000000000000000000e2
:20f02e000000000000000000000000000000000000000000000000000000000000000000c2
:20f04e000000000000000000000000000000000000000000000000000000000000000000a2
:20f06e00000000000000000000000000000000000000000000000000000000000000000082
:0df08e000000000000000000000000000075
:20f09b00000000000000000000000000000000000000000000000000000000000000000055
:20f0bb00000000000000000000000000000000000000000000000000000000000000000035
:20f0db00000000000000000000000000000000000000000000000000000000000000000015
:0df0fb000000000000000000000000000008
:20f108000000000000000000000000000000000000000000000000000000000000000000e7
:20f128000000000000000000000000000000000000000000000000000000000000000000c7
:20f148000000000000000000000000000000000000000000000000000000000000000000a7
:0df16800000000000000000000000000009a
:20f1750000000000000000000000000000000000000000000000000000000000000000007a
:20f1950000000000000000000000000000000000000000000000000000000000000000005a
:20f1b50000000000000000000000000000000000000000000000000000000000000000003a
:0df1d500000000000000000000000000002d
:20f1e20000000000000000000000000000000000000000000000000000000000000000000d
:20f202000000000000000000000000000000000000000000000000000000000000000000ec
:20f222000000000000000000000000000000000000000000000000000000000000000000cc
:0df2420000000000000000000000000000bf
:20f24f0000000000000000000000000000000000000000000000000000000000000000009f
:20f26f0000000000000000000000000000000000000000000000000000000000000000007f
:20f28f0000000000000000000000000000000000000000000000000000000000000000005f
:0df2af000000000000000000000000000052
:20f2bc00000000000000000000000000000000000000000000000000000000000000000032
:20f2dc00000000000000000000000000000000000000000000000000000000000000000012
:20f2fc000000000000000000000000000000000000000000000000000000000000000000f2
:0df31c0000000000000000000000000000e4
:20f329000000000000000000000000000000000000000000000000000000000000000000c4
:20f349000000000000000000000000000000000000000000000000000000000000000000a4
:20f36900000000000000000000000000000000000000000000000000000000000000000084
:0df389000000000000000000000000000077
:20f39600000000000000000000000000000000000000000000000000000000000000000057
:20f3b600000000000000000000000000000000000000000000000000000000000000000037
:20f3d600000000000000000000000000000000000000000000000000000000000000000017
:0df3f600000000000000000000000000000a
:20f403000000000000000000000000000000000000000000000000000000000000000000e9
:20f423000000000000000000000000000000000000000000000000000000000000000000c9
:20f443000000000000000000000000000000000000000000000000000000000000000000a9
:0df46300000000000000000000000000009c
:20f4700000000000000000000000000000000000000000000000000000000000000000007c
:20f4900000000000000000000000000000000000000000000000000000000000000000005c
:20f4b00000000000000000000000000000000000000000000000000000000000000000003c
:0df4d000000000000000000000000000002f
:20f4dd0000000000000000000000000000000000000000000000000000000000000000000f
:20f4fd000000000000000000000000000000000000000000000000000000000000000000ef
:20f51d000000000000000000000000000000000000000000000000000000000000000000ce
:0df53d0000000000000000000000000000c1
:20f54a000000000000000000000000000000000000000000000000000000000000000000a1
:20f56a00000000000000000000000000000000000000000000000000000000000000000081
:20f58a00000000000000000000000000000000000000000000000000000000000000000061
:0df5aa000000000000000000000000000054
:20f5b700000000000000000000000000000000000000000000000000000000000000000034
:20f5d700000000000000000000000000000000000000000000000000000000000000000014
:20f5f7000000000000000000000000000000000000000000000000000000000000000000f4
:0df6170000000000000000000000000000e6
:20f624000000000000000000000000000000000000000000000000000000000000000000c6
:20f644000000000000000000000000000000000000000000000000000000000000000000a6
:20f66400000000000000000000000000000000000000000000000000000000000000000086
:0df684000000000000000000000000000079
:20f69100000000000000000000000000000000000000000000000000000000000000000059
:20f6b100000000000000000000000000000000000000000000000000000000000000000039
:20f6d100000000000000000000000000000000000000000000000000000000000000000019
:0df6f100000000000000000000000000000c
:20f6fe000000000000000000000000000000000000000000000000000000000000000000ec
:20f71e000000000000000000000000000000000000000000000000000000000000000000cb
:20f73e000000000000000000000000000000000000000000000000000000000000000000ab
:0df75e00000000000000000000000000009e
:20f76b0000000000000000000000000000000000000000000000000000000000000000007e
:20f78b0000000000000000000000000000000000000000000000000000000000000000005e
:20f7ab0000000000000000000000000000000000000000000000000000000000000000003e
:0df7cb000000000000000000000000000031
:20f7d800000000000000000000000000000000000000000000000000000000000000000011
:20f7f800000000000000000000000000000000000000000000000000000000006000000091
:20f818000000000000000000000000000000000000000000000000000000000000000000d0
:0df8380000000000000000000000000000c3
:20f845000000000000000000000000000000000000000000000000000000000000000000a3
:20f86500000000000000000000000000000000000000000000000000000000000000000083
:20f88500000000000000000000000000000000000000000000000000000000000000000063
:0df8a5000000000000000000000000000056
:20f8b200000000000000000000000000000000000000000000000000000000000000000036
:20f8d200000000000000000000000000000000000000000000000000000000000000000016
:20f8f2000000000000000000000000000000000000000000000000000000000000000000f6
:0df9120000000000000000000000000000e8
:20f91f000000000000000000000000000000000000000000000000000000000000000000c8
:20f93f000000000000000000000000000000000000000000000000000000000000000000a8
:20f95f00000000000000000000000000000000000000000000000000000000000000000088
:0df97f00000000000000000000000000007b
:20f98c0000000000000000000000000000000000000000000000000000000000000000005b
:20f9ac0000000000000000000000000000000000000000000000000000000000000000003b
:20f9cc0000000000000000000000000000000000000000000000000000000000000000001b
:0df9ec00000000000000000000000000000e
:20f9f9000000000000000000000000000000000000000000000000000000000000000000ee
:20fa19000000000000000000000000000000000000000000000000000000000000000000cd
:20fa39000000000000000000000000000000000000000000000000000000000000000000ad
:0dfa590000000000000000000000000000a0
:20fa6600000000000000000000000000000000000000000000000000000000000000000080
:20fa8600000000000000000000000000000000000000000000000000000000000000000060
:20faa600000000000000000000000000000000000000000000000000000000000000000040
:0dfac6000000000000000000000000000033
:20fad300000000000000000000000000000000000000000000000000000000000000000013
:20faf3000000000000000000000000000000000000000000000000000000000000000000f3
:20fb13000000000000000000000000000000000000000000000000000000000000000000d2
:0dfb330000000000000000000000000000c5
:20fb40000000000000000000000000000000000000000000000000000000000000000000a5
:20fb6000000000000000000000000000000000000000000000000000000000000000000085
:20fb8000000000000000000000000000000000000000000000000000000000000000000065
:0dfba0000000000000000000000000000058
:20fbad00000000000000000000000000000000000000000000000000000000000000000038
:20fbcd00000000000000000000000000000000000000000000000000000000000000000018
:20fbed000000000000000000000000000000000000000000000000000000000000000000f8
:0dfc0d0000000000000000000000000000ea
:20fc1a000000000000000000000000000000000000000000000000000000000000000000ca
:20fc3a000000000000000000000000000000000000000000000000000000000000000000aa
:20fc5a0000000000000000000000000000000000000000000000000000000000000000008a
:0dfc7a00000000000000000000000000007d
:20fc870000000000000000000000000000000000000000000000000000000000000000005d
:20fca70000000000000000000000000000000000000000000000000000000000000000003d
:20fcc70000000000000000000000000000000000000000000000000000000000000000001d
:0dfce7000000000000000000000000000010
:20fcf4000000000000000000000000000000000000000000000000000000000000000000f0
:20fd14000000000000000000000000000000000000000000000000000000000000000000cf
:20fd34000000000000000000000000000000000000000000000000000000000000000000af
:0dfd5400000000000000000000000008009a
:20fd6100000000000000000000000000000000000000000000000000000000000000000082
:20fd8100000000000000000000000000000000000000000000000000000000000000000062
:20fda100000000000000000000000000000000000000000000000000000000000000000042
:0dfdc1000000000000000000000000000035
:20fdce00000000000000000000000000000000000000000000000000000000000000000015
:20fdee000000000000000000000000000000000000000000000000000000000000000000f5
:20fe0e000000000000000000000000000000000000000000000000000000000000000000d4
:0dfe2e0000000000000000000000000000c7
:20fe3b000000000000000000000000000000000000000000000000000000000000000000a7
:20fe5b00000000000000000000000000000000000000000000000000000000000000000087
:20fe7b00000000000000000000000000000000000000000000000000000000000000000067
:0dfe9b00000000000000000000000000005a
:20fea80000000000000000000000000000000000000000000000000000000000000000003a
:20fec80000000000000000000000000000000000000000000000000000000000000000001a
:20fee8000000000000000000000000000000000000000000000000000000000000000000fa
:0dff080000000000000000000000000000ec
:20ff15000000000000000000000000000000000000000000000000000000000000000000cc
:20ff35000000000000000000000000000000000000000000000000000000000000000000ac
:20ff5500000000000000000008000000000000000000000000000000000000000000000084
:0dff7500000000000000000000000000007f
:20ff820000000000000000000000000000000000000000000000000000000000000000005f
:20ffa20000000000000000000000000000000000000000000000000000000000000000003f
:20ffc20000000000000000000000000000000000000000000000000000000000000000001f
:0dffe2000000000000000000000000000012
:11ffef00000000000000000000000000000000000001
:020000040001f9
:200000000000000000000000000000000000000000000000000000000000000000000000e0
:200020000000000000000000000000000000000000000000000000000000000000000000c0
:1c00400000000000000000000000000000000000000000000000000000000000a4
:20005c00000000000000000000000000000000000000000000000000000000000000000084
:20007c00000000000000000000000000000000000000000000000000000000000000000064
:20009c00000000000000000000000000000000000000000000000000000000000000000044
:0d00bc00000000000000000000000008002f
:2000c900000000000000000000000000000000000000000000000000000000000000000017
:2000e9000000000000000000000000000000000000000000000000000000000000000000f7
:200109000000000000000000000000000000000000000000000000000000000000000000d6
:0d01290000000000000000000000000000c9
:200136000000000000000000000000000000000000000000000000000000000000000000a9
:20015600000000000000000000000000000000000000000000000000000000000000000089
:20017600000000000000000000000000000000000000000000000000000000000000000069
:0d019600000000000000000000000000005c
:2001a30000000000000000000000000000000000000000000000000000000000000000003c
:2001c30000000000000000000000000000000000000000000000000000000000000000001c
:2001e3000000000000000000000000000000000000000000000000000000000000000000fc
:0d02030000000000000000000000000000ee
:200210000000000000000000000000000000000000000000000000000000000000000000ce
:200230000000000000000000000000000000000000000000000000000000000000000000ae
:2002500000000000000000000000000000000000000000000000000000000000000000008e
:0d0270000000000000000000000000000081
:20027d00000000000000000000000000000000000000000000000000000000000000000061
:20029d00000000000000000000000000000000000000000000000000000000000000000041
:2002bd00000000000000000000000000000000000000000000000000000000000000000021
:0d02dd000000000000000000000000000014
:2002ea000000000000000000000000000000000000000000000000000000000000000000f4
:20030a000000000000000000000000000000000000000000000000000000000000000000d3
:20032a000000000000000000000000000000000000000000000000000000000000000000b3
:0d034a0000000000000000000000000000a6
:20035700000000000000000000000000000000000000000000000000000000000000000086
:20037700000000000000000000000000000000000000000000000000000000000000000066
:20039700000000000000000000000000000000000000000000000000000000000000000046
:0d03b7000000000000000000000000000039
:2003c400000000000000000000000000000000000000000000000000000000000000000019
:2003e4000000000000000000000000000000000000000000000000000000000000000000f9
:200404000000000000000000000000000000000000000000000000000000000000000000d8
:0d04240000000000000000000000000000cb
:200431000000000000000000000000000000000000000000000000000000000000000000ab
:2004510000000000000000000000000000000000000000000000000000000000000000008b
:2004710000000000000000000000000000000000000000000000000000000000000000006b
:0d049100000000000000000000000000005e
:20049e0000000000000000000000000000000000000000000000000000000000000000003e
:2004be0000000000000000000000000000000000000000000000000000000000000000001e
:2004de000000000000000000000000000000000000000000000000000000000000000000fe
:0d04fe0000000000000000000000000000f1
:20050b000000000000000000000000000000000000000000000000000000000000000000d0
:20052b000000000000000000000000000000000000000000000000000000000000000000b0
:20054b00000000000000000000000000000000000000000000000000000000000000000090
:0d056b000000000000000000000000000083
:20057800000000000000000000000000000000000000000000000000000000000000000063
:20059800000000000000000000000000000000000000000000000000000000000000000043
:2005b800000000000000000000000000000000000000000000000000000000000000000023
:0d05d8000000000000000000000000000016
:2005e5000000000000000000000000000000000000000000000000000000000000000000f6
:200605000000000000000000000000000000000000000000000000000000000000000000d5
:200625000000000000000000000000000000000000000000000000000000000000000000b5
:0d06450000000000000000000000000000a8
:20065200000000000000000000000000000000000000000000000000000000000000000088
:20067200000000000000000000000000000000000000000000000000000000000000000068
:20069200000000000000000000000000000000000000000000000000000000000000000048
:0d06b200000000000000000000000000003b
:2006bf0000000000000000000000000000000000000000000000000000000000000000001b
:2006df000000000000000000000000000000000000000000000000000000000000000000fb
:2006ff000000000000000000000000000000000000000000000000000000000000000000db
:0d071f0000000000000000000000000000cd
:20072c000000000000000000000000000000000000000000000000000000000000000000ad
:20074c0000000000000000000000000000000000000000000000000000000000000000008d
:20076c0000000000000000000000000000000000000000000000000000000000000000006d
:0d078c000000000000000000000000000060
:20079900000000000000000000000000000000000000000000000000000000000000000040
:2007b900000000000000000000000000000000000000000000000000000000000000000020
:2007d900000000000000000000000000000000000000000000000000000000000000000000
:0d07f90000000000000000000000000000f3
:200806000000000000000000000000000000000000000000000000000000000000000000d2
:200826000000000000000000000000000000000000000000000000000000000000000000b2
:20084600000000000000000000000000000000000000000000000000000000000000000092
:0d0866000000000000000000000000000085
:20087300000000000000000000000000000000000000000000000000000000000000000065
:20089300000000000000000000000000000000000000000000000000000000000000000045
:2008b300000000000000000000000000000000000000000000000000000000000000000025
:0d08d3000000000000000000000000000018
:2008e0000000000000000000000000000000000000000000000000000000000000000000f8
:200900000000000000000000000000000000000000000000000000000000000000000000d7
:200920000000000000000000000000000000000000000000000000000000000000000000b7
:0d09400000000000000000000000000000aa
:20094d0000000000000000000000000000000000000000000000000000000000000000008a
:20096d0000000000000000000000000000000000000000000000000000000000000000006a
:20098d0000000000000000000000000000000000000000000000000000000000000000004a
:0d09ad00000000000000000000000000003d
:2009ba0000000000000000000000000000000000000000000000000000000000000000001d
:2009da000000000000000000000000000000000000000000000000000000000000000000fd
:2009fa000000000000000000000000000000000000000000000000000000000000000000dd
:0d0a1a0000000000000000000000000000cf
:200a27000000000000000000000000000000000000000000000000000000000000000000af
:200a470000000000000000000000000000000000000000000000000000000000000000008f
:200a670000000000000000000000000000000000000000000000000000000000000000006f
:0d0a87000000000000000000000000000062
:200a9400000000000000000000000000000000000000000000000000000000000000000042
:200ab400000000000000000000000000000000000000000000000000000000000000000022
:200ad400000000000000000000000000000000000000000000000000000000000000000002
:0d0af40000000000000000000000000000f5
:200b01000000000000000000000000000000000000000000000000000000000000000000d4
:200b21000000000000000000000000000000000000000000000000000000000000000000b4
:200b4100000000000000000000000000000000000000000000000000000000000000000094
:0d0b61000000000000000000000000000087
:200b6e00000000000000000000000000000000000000000000000000000000000000000067
:200b8e00000000000000000000000000000000000000000000000000000000000000000047
:200bae00000000000000000000000000000000000000000000000000000000000000000027
:0d0bce00000000000000000000000000001a
:200bdb000000000000000000000000000000000000000000000000000000000000000000fa
:200bfb000000000000000000000000000000000000000000000000000000000000000000da
:200c1b000000000000000000000000000000000000000000000000000000000000000000b9
:0d0c3b0000000000000000000000000000ac
:200c480000000000000000000000000000000000000000000000000000000000000000008c
:200c680000000000000000000000000000000000000000000000000000000000000000006c
:200c880000000000000000000000000000000000000000000000000000000000000000004c
:0d0ca800000000000000000000000000003f
:200cb50000000000000000000000000000000000000000000000000000000000000000001f
:200cd5000000000000000000000000000000000000000000000000000000000000000000ff
:200cf5000000000000000000000000000000000000000000000000000000000000000000df
:0d0d150000000000000000000000000020b1
:200d22000000000000000000000000000000000000000000000000000000000000000000b1
:200d4200000000000000000000000000000000000000000000000000000000000000000091
:200d6200000000000000000000000000000000000000000000000000000000000000000071
:0d0d82000000000000000000000000100054
:200d8f00000000000000000000000000000000000000000000000000000000000000000044
:200daf00000000000000000000000000000000000000000000000000000000000000000024
:200dcf00000000000000000000000000000000000000000000000000000000000000000004
:0d0def0000000000000000000000000000f7
:200dfc000000000000000000000000000000000000000000000000000000000000000000d7
:200e1c000000000000000000000000000000000000000000000000000000000000000000b6
:200e3c00000000000000000000000000000000000000000000000000000000000000000096
:0d0e5c000000000000000000000000000089
:200e6900000000000000000000000000000000000000000000000000000000000000000069
:200e8900000000000000000000000000000000000000000000000000000000000000000049
:200ea900000000000000000000000000000000000000000000000000000000000000000029
:0d0ec900000000000000000000000000001c
:200ed6000000000000000000000000000000000000000000000000000000000000000000fc
:200ef6000000000000000000000000000000000000000000000000000000000000000000dc
:200f16000000000000000000000000000000000000000000000000000000000000000000bb
:0d0f360000000000000000000000000000ae
:200f430000000000000000000000000000000000000000000000000000000000000000008e
:200f630000000000000000000000000000000000000000000000000000000000000000006e
:200f830000000000000000000000000000000000000000000000000000000000000000004e
:0d0fa3000000000000000000000000000041
:200fb000000000000000000000000000000000000000000000000000000000000000000021
:200fd000000000000000000000000000000000000000000000000000000000000000000001
:200ff0000000000000000000000000000000000000000000000000000000000000000000e1
:0d10100000000000000000000000000000d3
:20101d000000000000000000000000000000000000000000000000000000000000000000b3
:20103d00000000000000000000000000000000000000000000000000000000000000000093
:20105d00000000000000000000000000000000000000000000000000000000000000000073
:0d107d000000000000000000000000000066
:20108a00000000000000000000000000000000000000000000000000000000000000000046
:2010aa00000000000000000000000000000000000000000000000000000000000000000026
:2010ca00000000000000000000000000000000000000000000000000000000000000000006
:0d10ea0000000000000000000000000000f9
:2010f7000000000000000000000000000000000000000000000000000000000000000000d9
:201117000000000000000000000000000000000000000000000000000000000000000000b8
:20113700000000000000000000000000000000000000000000000000000000000000000098
:0d115700000000000000000000000000008b
:2011640000000000000000000000000000000000000000000000000000000000000000006b
:2011840000000000000000000000000000000000000000000000000000000000000000004b
:2011a40000000000000000000000000000000000000000000000000000000000000000002b
:0d11c400000000000000000000000000001e
:2011d1000000000000000000000000000000000000000000000000000000000000000000fe
:2011f1000000000000000000000000000000000000000000000000000000000000000000de
:201211000000000000000000000000000000000000000000000000000000000000000000bd
:0d12310000000000000000000000000000b0
:20123e00000000000000000000000000000000000000000000000000000000000000000090
:20125e00000000000000000000000000000000000000000000000000000000000000000070
:20127e00000000000000000000000000000000000000000000000000000000000000000050
:0d129e000000000000000000000000000043
:2012ab00000000000000000000000000000000000000000000000000000000000000000023
:2012cb00000000000000000000000000000000000000000000000000000000000000000003
:2012eb000000000000000000000000000000000000000000000000000000000000000000e3
:0d130b0000000000000000000000000000d5
:201318000000000000000000000000000000000000000000000000000000000000000000b5
:20133800000000000000000000000000000000000000000000000000000000000000000095
:20135800000000000000000000000000000000000000000000000000000000000000000075
:0d1378000000000000000000000000000068
:20138500000000000000000000000000000000000000000000000000000000000000000048
:2013a500000000000000000000000000000000000000000000000000000000000000000028
:2013c500000000000000000000000000000000000000000000000000000000000000000008
:0d13e50000000000000000000000000000fb
:2013f2000000000000000000000000000000000000000000000000000000000000000000db
:201412000000000000000000000000000000000000000000000000000000000000000000ba
:2014320000000000000000000000000000000000000000000000000000000000000000009a
:0d145200000000000000000000000000008d
:20145f0000000000000000000000000000000000000000000000000000000000000000006d
:20147f000000000000000000000000000000000000000000000000000000000280000000cb
:20149f0000000000000000000000000000000000000000000000000000000000000000002d
:0d14bf000000000000000000000000000020
:2014cc00000000000000000000000000000000000000000000000000000000000000000000
:2014ec000000000000000000000000000000000000000000000000000000000000000000e0
:20150c000000000000000000000000000000000000000000000000000000000000000000bf
:0d152c0000000000000000000000000000b2
:20153900000000000000000000000000000000000000000000000000000000000000000092
:20155900000000000000000000000000000000000000000000000000000000000000000072
:20157900000000000000000000000000000000000000000000000000000000000000000052
:0d1599000000000000000000000000000045
:2015a600000000000000000000000000000000000000000000000000000000000000000025
:2015c600000000000000000000000000000000000000000000000000000000000000000005
:2015e6000000000000000000000000000000000000000000000000000000000000000000e5
:0d16060000000000000000000000000000d7
:201613000000000000000000000000000000000000000000000000000000000000000000b7
:20163300000000000000000000000000000000000000000000000000000000000000000097
:20165300000000000000000000000000000000000000000000000000000000000000000077
:0d167300000000000000000000000000006a
:2016800000000000000000000000000000000000000000000000000000000000000000004a
:2016a00000000000000000000000000000000000000000000000000000000000000000002a
:2016c00000000000000000000000000000000000000000000000000000000000000000000a
:0d16e00000000000000000000000000000fd
:2016ed000000000000000000000000000000000000000000000000000000000000000000dd
:20170d000000000000000000000000000000000000000000000000000000000000000000bc
:20172d0000000000000000000000000000000000000000000000000000000000000000009c
:0d174d00000000000000000000000000008f
:20175a0000000000000000000000000000000000000000000000000000000000000000006f
:20177a0000000000000000000000000000000000000000000000000000000000000000004f
:20179a0000000000000000000000000000000000000000000000000000000000000000002f
:0d17ba000000000000000000000000000022
:2017c700000000000000000000000000000000000000000000000000000000000000000002
:2017e7000000000000000000000000000000000000000000000000000000000000000000e2
:201807000000000000000000000000000000000000000000000000000000000000000000c1
:0d18270000000000000000000000000000b4
:20183400000000000000000000000000000000000000000000000000000000000000000094
:20185400000000000000000000000000000000000000000000000000000000000000000074
:20187400000000000000000000000000000000000000000000000000000000000000000054
:0d189400000000000000000000000008003f
:2018a100000000000000000000000000000000000000000000000000000000000000000027
:2018c100000000000000000000000000000000000000000000000000000000000000000007
:2018e1000000000000000000000000000000000000000000000000000000000000000000e7
:0d19010000000000000000000000000000d9
:20190e000000000000000000000000000000000000000000000000000000000000000000b9
:20192e00000000000000000000000000000000000000000000000000000000000000000099
:20194e00000000000000000000000000000000000000000000000000000000000000000079
:0d196e00000000000000000000000000006c
:20197b0000000000000000000000000000000000000000000000000000000000000000004c
:20199b0000000000000000000000000000000000000000000000000000000000000000002c
:2019bb0000000000000000000000000000000000000000000000000000000000000000000c
:0d19db0000000000000000000000000000ff
:2019e8000000000000000000000000000000000000000000000000000000000000000000df
:201a08000000000000000000000000000000000000000000000000000000000000000000be
:201a280000000000000000000000000000000000000000000000000000000000000000009e
:0d1a48000000000000000000000000000091
:201a5500000000000000000000000000000000000000000000000000000000000000000071
:201a7500000000000000000000000000000000000000000000000000000000000000000051
:201a9500000000000000000000000000000000000000000000000000000000000000000031
:0d1ab5000000000000000000000000000024
:201ac200000000000000000000000000000000000000000000000000000000000000000004
:201ae2000000000000000000000000000000000000000000000000000000000000000000e4
:201b02000000000000000000000000000000000000000000000000000000000000000000c3
:0d1b220000000000000000000000000000b6
:201b2f00000000000000000000000000000000000000000000000000000000000000000096
:201b4f00000000000000000000000000000000000000000000000000000000000000000076
:201b6f00000000000000000000000000000000000000000000000000000000000000000056
:0d1b8f000000000000000000000000000049
:201b9c00000000000000000000000000000000000000000000000000000000000000000029
:201bbc00000000000000000000000000000000000000000000000000000000000000000009
:201bdc000000000000000000000000000000000000000000000000000000000000000000e9
:0d1bfc0000000000000000000000001400c8
:201c09000000000000000000000000000000000000000000000000000000000000000000bb
:201c290000000000000000000000000000000000000000000000000000000000000000009b
:201c490000000000000000000000000000000000000000000000000000000000000000007b
:0d1c6900000000000000000000000000006e
:201c760000000000000000000000000000000000000000000000000000000000000000004e
:201c960000000000000000000000000000000000000000000000000000000000000000002e
:201cb60000000000000000000000000000000000000000000000000000000000000000000e
:0d1cd6000000000000000000000000000001
:201ce3000000000000000000000000000000000000000000000000000000000000000000e1
:201d03000000000000000000000000000000000000000000000000000000000000000000c0
:201d23000000000000000000000000000000000000000000000000000000000000000000a0
:0d1d43000000000000000000000000000093
:201d5000000000000000000000000000000000000000000000000000000000000000000073
:201d7000000000000000000000000000000000000000000000000000000000000000000053
:201d9000000000000000000000000000000000000000000000000000000000000000000033
:0d1db0000000000000000000000000000026
:201dbd00000000000000000000000000000000000000000000000000000000000000000006
:201ddd000000000000000000000000000000000000000000000000000000000000000000e6
:201dfd000000000000000000000000000000000000000000000000000000000000000000c6
:0d1e1d0000000000000000000000000000b8
:201e2a00000000000000000000000000000000000000000000000000000000000000000098
:201e4a00000000000000000000000000000000000000000000000000000000000000000078
:201e6a00000000000000000000000000000000000000000000000000000000000000000058
:0d1e8a00000000000000000000000000004b
:201e970000000000000000000000000000000000000000000000000000000000000000002b
:201eb70000000000000000000000000000000000000000000000000000000000000000000b
:201ed7000000000000000000000000000000000000000000000000000000000000000000eb
:0d1ef70000000000000000000000000000de
:201f04000000000000000000000000000000000000000000000000000000000000000000bd
:201f240000000000000000000000000000000000000000000000000000000000000000009d
:201f440000000000000000000000000000000000000000000000000000000000000000007d
:0d1f64000000000000000000000000000070
:201f7100000000000000000000000000000000000000000000000000000000000000000050
:201f9100000000000000000000000000000000000000000000000000000000000000000030
:201fb100000000000000000000000000000000000000000000000000000000000000000010
:0d1fd1000000000000000000000000000003
:201fde000000000000000000000000000000000000000000000000000000000000000000e3
:201ffe000000000000000000000000000000000000000000000000000000000000000000c3
:20201e000000000000000000000000000000000000000000000000000000000000000000a2
:0d203e000000000000000000000000000095
:20204b00000000000000000000000000000000000000000000000000000000000000000075
:20206b00000000000000000000000000000000000000000000000000000000000000000055
:20208b00000000000000000000000000000000000000000000000000000000000000000035
:0d20ab000000000000000000000000000028
:2020b800000000000000000000000000000000000000000000000000000000000000000008
:2020d8000000000000000000000000000000000000000000000000000000000000000000e8
:2020f8000000000000000000000000000000000000000000000000000000000000000000c8
:0d21180000000000000000000000000000ba
:2021250000000000000000000000000000000000000000000000000000000000000000009a
:2021450000000000000000000000000000000000000000000000000000000000000000007a
:2021650000000000000000000000000000000000000000000000000000000000000000005a
:0d218500000000000000000000000000004d
:2021920000000000000000000000000000000000000000000000000000000000000000002d
:2021b20000000000000000000000000000000000000000000000000000000000000000000d
:2021d2000000000000000000000000000000000000000000000000000000000000000000ed
:0d21f20000000000000000000000000000e0
:2021ff000000000000000000000000000000000000000000000000000000000000000000c0
:20221f0000000000000000000000000000000000000000000000000000000000000000009f
:20223f0000000000000000000000000000000000000000000000000000000000000000007f
:0d225f000000000000000000000000000072
:20226c00000000000000000000000000000000000000000000000000000000000000000052
:20228c00000000000000000000000000000000000000000000000000000000000000000032
:2022ac00000000000000000000000000000000000000000000000000000000000000000012
:0d22cc000000000000000000000000000005
:2022d9000000000000000000000000000000000000000000000000000000000000000000e5
:2022f9000000000000000000000000000000000000000000000000000000000000000000c5
:202319000000000000000000000000000000000000000000000000000000000000000000a4
:0d2339000000000000000000000000000097
:20234600000000000000000000000000000000000000000000000000000000000000000077
:20236600000000000000000000000000000000000000000000000000000000000000000057
:20238600000000000000000000000000000000000000000000000000000000000000000037
:0d23a600000000000000000000000000002a
:2023b30000000000000000000000000000000000000000000000000000000000000000000a
:2023d3000000000000000000000000000000000000000000000000000000000000000000ea
:2023f3000000000000000000000000000000000000000000000000000000000000000000ca
:0d24130000000000000000000000000000bc
:2024200000000000000000000000000000000000000000000000000000000000000000009c
:2024400000000000000000000000000000000000000000000000000000000000000000007c
:2024600000000000000000000000000000000000000000000000000000000000000000005c
:0d248000000000000000000000000000004f
:20248d0000000000000000000000000000000000000000000000000000000000000000002f
:2024ad0000000000000000000000000000000000000000000000000000000000000000000f
:2024cd000000000000000000000000000000000000000000000000000000000000000000ef
:0d24ed0000000000000000000000000000e2
:2024fa000000000000000000000000000000000000000000000000000000000000000000c2
:20251a000000000000000000000000000000000000000000000000000000000000000000a1
:20253a00000000000000000000000000000000000000000000000000000000000000000081
:0d255a000000000000000000000000000074
:20256700000000000000000000000000000000000000000000000000000000000000000054
:20258700000000000000000000000000000000000000000000000000000000000000000034
:2025a700000000000000000000000000000000000000000000000000000000000000000014
:0d25c7000000000000000000000000000007
:2025d4000000000000000000000000000000000000000000000000000000000000000000e7
:2025f4000000000000000000000000000000000000000000000000000000000000000000c7
:202614000000000000000000000000000000000000000000000000000000000000000000a6
:0d2634000000000000000000000000000099
:20264100000000000000000000000000000000000000000000000000000000000000000079
:20266100000000000000000000000000000000000000000000000000000000000000000059
:20268100000000000000000000000000000000000000000000000000000000000000000039
:0d26a10000000000000000000000000140eb
:2026ae0000000000000000000000000000000000000000000000000000000000000000000c
:2026ce000000000000000000000000000000000000000000000000000000000000000000ec
:2026ee000000000000000000000000000000000000000000000000000000000000000000cc
:0d270e0000000000000000000000000000be
:20271b0000000000000000000000000000000000000000000000000000000000000000009e
:20273b0000000000000000000000000000000000000000000000000000000000000000007e
:20275b0000000000000000000000000000000000000000000000000000000000000000005e
:0d277b000000000000000000000000000051
:20278800000000000000000000000000000000000000000000000000000000000000000031
:2027a800000000000000000000000000000000000000000000000000000000000000000011
:2027c8000000000000000000000000000000000000000000000000000000000000000000f1
:0d27e80000000000000000000000000000e4
:2027f5000000000000000000000000000000000000000000000000000000000000000000c4
:202815000000000000000000000000000000000000000000000000000000000000000000a3
:20283500000000000000000000000000000000000000000000000000000000000000000083
:0d2855000000000000000000000000000076
:20286200000000000000000000000000000000000000000000000000000000000000000056
:20288200000000000000000000000000000000000000000000000000000000000000000036
:2028a200000000000000000000000000000000000000000000000000000000000000000016
:0d28c2000000000000000000000000000009
:2028cf000000000000000000000000000000000000000000000000000000000000000000e9
:2028ef000000000000000000000000000000000000000000000000000000000000000000c9
:20290f000000000000000000000000000000000000000000000000000000000000000000a8
:0d292f00000000000000000000000000009b
:20293c0000000000000000000000000000000000000000000000000000000000000000007b
:20295c0000000000000000000000000000000000000000000000000000000000000000005b
:20297c0000000000000000000000000000000000000000000000000000000000000000003b
:0d299c00000000000000000000000000002e
:2029a90000000000000000000000000000000000000000000000000000000000000000000e
:2029c9000000000000000000000000000000000000000000000000000000000000000000ee
:2029e9000000000000000000000000000000000000000000000000000000000000000000ce
:0d2a090000000000000000000000000000c0
:202a16000000000000000000000000000000000000000000000000000000000000000000a0
:202a3600000000000000000000000000000000000000000000000000000000000000000080
:202a5600000000000000000000000000000000000000000000000000000000000000000060
:0d2a76000000000000000000000000000053
:202a8300000000000000000000000000000000000000000000000000000000000000000033
:202aa300000000000000000000000000000000000000000000000000000000000000000013
:202ac3000000000000000000000000000000000000000000000000000000000000000000f3
:0d2ae30000000000000000000000000000e6
:202af0000000000000000000000000000000000000000000000000000000000000000000c6
:202b10000000000000000000000000000000000000000000000000000000000000000000a5
:202b3000000000000000000000000000000000000000000000000000000000000000000085
:0d2b50000000000000000000000000020076
:202b5d00000000000000000000000000000000000000000000000000000000000000000058
:202b7d00000000000000000000000000000000000000000000000000000000000000000038
:202b9d00000000000000000000000000000000000000000000000000000000000000000018
:0d2bbd00000000000000000000000000000b
:202bca000000000000000000000000000000000000000000000000000000000000000000eb
:202bea000000000000000000000000000000000000000000000000000000000000000000cb
:202c0a000000000000000000000000000000000000000000000000000000000000000000aa
:0d2c2a00000000000000000000000000009d
:202c370000000000000000000000000000000000000000000000000000000000000000007d
:202c5700000000000000000000000000000000000000000000000000000000000500000058
:202c770000000000000000000000000000000000000000000000000000000000000000003d
:0d2c97000000000000000000000000000030
:202ca400000000000000000000000000000000000000000000000000000000000000000010
:202cc4000000000000000000000000000000000000000000000000000000000000000000f0
:202ce4000000000000000000000008000000000000000000000000000000000000000000c8
:0d2d040000000000000000000000000000c2
:202d11000000000000000000000000000000000000000000000000000000000000000000a2
:202d3100000000000000000000000000000000000000000000000000000000000000000082
:202d5100000000000000000000000000000000000000000000000000000000000000000062
:0d2d7100000000000000000000000000183d
:202d7e00000000000000000000000000000000000000000000000000000000000000000035
:202d9e00000000000000000000000000000000000000000000000000000000000000000015
:202dbe000000000000000000000000000000000000000000000000000000000000000000f5
:0d2dde0000000000000000000000000000e8
:202deb000000000000000000000000000000000000000000000000000000000000000000c8
:202e0b000000000000000000000000000000000000000000000000000000000000000000a7
:202e2b00000000000000000000000000000000000000000000000000000000000000000087
:0d2e4b000000000000000083de058000088c
:202e580000000000000000000000000000000000000000000000000000000000000000005a
:202e780000000000000000000000000000000000000000000000000000000000000000003a
:202e980000000000000000000000000000000000000000000000000000000000000000001a
:0d2eb8000000000000000003c20000000c3c
:202ec5000000000000000000000000000000000000000000000000000000000000000000ed
:202ee5000000000000000000000000000000000000000000000000000000000000000000cd
:202f05000000000000000000000000000000000000000000000000000000000000000000ac
:0d2f25000000000000000000000018000087
:202f320000000000000000000000000000000000000000000000000000000000000000007f
:202f520000000000000000000000000000000000000000000000000000000000000000005f
:202f720000000000000000000000000000000000000000000000000000000000000000003f
:0d2f920000000000000000000000000080b2
:202f9f00000000000000000000000000000000000000000000000000000000000000000012
:202fbf000000000000000000000000000000000000000000000000000000000000000000f2
:202fdf000000000000000000000000000000000000000000000000000000000000000000d2
:0d2fff0000000000000000000000000000c5
:20300c000000000000000000000000000000000000000000000000000000000000000000a4
:20302c00000000000000000000000000000000000000000000000000000000000000000084
:20304c00000000000000000000000000000000000000000000000000000000000000000064
:0d306c000000000000000000000000000057
:20307900000000000000000000000000000000000000000000000000000000000000000037
:20309900000000000000000000000000000000000000000000000000000000000000000017
:2030b9000000000000000000000000000000000000000000000000000000000000000000f7
:0d30d90000000000000000bc1e0000000010
:2030e6000000000000000000000000000000000000000000000000000000000000000000ca
:203106000000000000000000000000000000000000000000000000000000000000000000a9
:20312600000000000000000000000000000000000000000000000000000000000000000089
:0d314600000000000000003c000000000040
:2031530000000000000000000000000000000000000000000000000000000000000000005c
:2031730000000000000000000000000000000000000000000000000000000000000000003c
:2031930000000000000000000000000000000000000000000000000000000000000000001c
:0d31b300000000000000000000000000000f
:2031c0000000000000000000000000000000000000000000000000000000000000000000ef
:2031e0000000000000000000000000000000000000000000000000000000000000000000cf
:203200000000000000000000000000000000000000000000000000000000000000000000ae
:0d32200000000000000000000000000000a1
:20322d00000000000000000000000000000000000000000000000000000000000000000081
:20324d00000000000000000000000000000000000000000000000000000000000000000061
:20326d00000000000000000000000000000000000000000000000000000000000000000041
:0d328d000000000000000083d6001c0000bf
:20329a00000000000000000000000000000000000000000000000000000000000000000014
:2032ba000000000000000000000000000000000000000000000000000000000000000000f4
:2032da000000000000000000000000000000000000000000000000000000000000000000d4
:0d32fa000000000000000003c00d100000e7
:203307000000000000000000000000000000000000000000000000000000000000000000a6
:20332700000000000000000000000000000000000000000000000000000000000000000086
:20334700000000000000000000000000000000000000000000000000000000000000000066
:0d336700000000000000000000051800003c
:20337400000000000000000000000000000000000000000000000000000000000000000039
:20339400000000000000000000000000000000000000000000000000000000000000000019
:2033b4000000000000000000000000000000000000000000000000000000000000000000f9
:0d33d4000000000000000000000d801c0043
:2033e1000000000000000000000000000000000000000000000000000000000000000000cc
:203401000000000000000000000000000000000000000000000000000000000000000000ab
:2034210000000000000000000000000000000000000000000000000000000000000000008b
:0d34410000000000000020abd48300201824
:20344e0000000000000000000000000000000000000000000000000000000000000000005e
:20346e000000000000000000000000000000000000000000000000000000000000800000be
:20348e0000000000000000000000000000000000000000000000000000000000000000001e
:0d34ae0000000000000000140180800000fc
:2034bb000000000000000000000000000000000000000000000000000000000000000000f1
:2034db000000000000000000000000000000000000000000000000000000000000000000d1
:2034fb000000000000000000000000000000000000000000000000000000000000000000b1
:0d351b0000000000000000abc4a30a000087
:20352800000000000000000000000000000000000000000000000000000000000000000083
:20354800000000000000000000000000000000000000000000000000000000000000000063
:20356800000000000000000000000000000000000000000000000000000000000000000043
:0d358800000000000000021402d01b18001b
:20359500000000000000000000000000000000000000000000000000000000000000000016
:2035b5000000000000000000000000000000000000000000000000000000000000000000f6
:2035d5000000000000000000000000000000000000000000000000000000000000000000d6
:0d35f50000000000000000000000000000c9
:203602000000000000000000000000000000000000000000000000000000000000000000a8
:20362200000000000000000000000000000000000000000000000000000000000000000088
:20364200000000000000000000000000000000000000000000000000000000000000000068
:0d366200000000000000000000000000005b
:20366f0000000000000000000000000000000000000000000000000000000000000000003b
:20368f0000000000000000000000000000000000000000000000000000000000000000001b
:2036af000000000000000000000000000000000000000000000000000000000000000000fb
:0d36cf00000000000000000426e8000000dc
:2036dc000000000000000000000000000000000000000000000000000000000000000000ce
:2036fc000000000000000000000000000000000000000000000000000000000000000000ae
:20371c0000000000000000000000000000000000000000000000000000000000000000008d
:0d373c0000000000000000000eb1000000c1
:20374900000000000000000000000000000000000000000000000000000000000000000060
:20376900000000000000000000000000000000000000000000000000000000000000000040
:20378900000000000000000000000000000000000000000000000000000000000000000020
:0d37a9000000000000000000000000000013
:2037b6000000000000000000000000000000000000000000000000000000000000000000f3
:2037d6000000000000000000000000000000000000000000000000000000000000000000d3
:2037f6000000000000000000000000000000000000000000000000000000000000000000b3
:0d381600000000000000000000000c000099
:20382300000000000000000000000000000000000000000000000000000000000000000085
:20384300000000000000000000000000000000000000000000000000000000000000000065
:20386300000000000000000000000000000000000000000000000000000000000000000045
:0d3883000000000000000000000001000037
:20389000000000000000000000000000000000000000000000000000000000000000000018
:2038b0000000000000000000000000000000000000000000000000000000000000000000f8
:2038d0000000000000000000000000000000000000000000000000000000000000000000d8
:0d38f000000000000000000000000c0000bf
:2038fd000000000000000000000000000000000000000000000000000000000000000000ab
:20391d0000000000000000000000000000000000000000000000000000000000000000008a
:20393d0000000000000000000000000000000000000000000000000000000000000000006a
:0d395d00000000000000000000000000005d
:20396a0000000000000000000000000000000000000000000000000000000000000000003d
:20398a0000000000000000000000000000000000000000000000000000000000000000001d
:2039aa000000000000000000000000000000000000000000000000000000000000000000fd
:0d39ca0000000000000000000000000000f0
:2039d7000000000000000000000000000000000000000000000000000000000000000000d0
:2039f7000000000000000000000000000000000000000000000000000000000000000000b0
:203a170000000000000000000000000000000000000000000000000000000000000000008f
:0d3a37000000000000000083c401800000ba
:203a4400000000000000000000000000000000000000000000000000000000000000000062
:203a6400000000000000000000000000000000000000000000000000000000000000000042
:203a8400000000000000000000000000000000000000000000000000000000000000000022
:0d3aa4000000000000000003c20000000050
:203ab1000000000000000000000000000000000000000000000000000000000000000000f5
:203ad1000000000000000000000000000000000000000000000000000000000000000000d5
:203af1000000000000000000000000000000000000000000000000000000000000000000b5
:0d3b11000000000000000096800000001879
:203b1e00000000000000000000000000000000000000000000000000000000000000000087
:203b3e00000000000000000000000000000000000000000000000000000000000000000067
:203b5e00000000000000000000000000000000000000000000000000000000000000000047
:0d3b7e00000000000000002940d000000001
:203b8b0000000000000000000000000000000000000000000000000000000000000000001a
:203bab000000000000000000000000000000000000000000000000000000000000000000fa
:203bcb000000000000000000000000000000000000000000000000000000000000000000da
:0d3beb000000000000000083cc0000000c72
:203bf8000000000000000000000000000000000000000000000000000000000000000000ad
:203c180000000000000000000000000000000000000000000000000000000000000000008c
:203c380000000000000000000000000000000000000000000000000000000000000000006c
:0d3c58000000000000000003c00000000c90
:203c650000000000000000000000000000000000000000000000000000000000000000003f
:203c850000000000000000000000000000000000000000000000000000000000000000001f
:203ca5000000000000000000000000000000000000000000000000000000000000000000ff
:0d3cc50000000000000000bc1e0000000018
:203cd2000000000000000000000000000000000000000000000000000000000000000000d2
:203cf2000000000000000000000000000000000000000000000000000000000000000000b2
:203d1200000000000000000000000000000000000000000000000000000000000000000091
:0d3d3200000000000000003c020000000046
:203d3f00000000000000000000000000000000000000000000000000000000000000000064
:203d5f00000000000000000000000000000000000000000000000000000000000000000044
:203d7f00000000000000000000000000000000000000000000000000000000000000000024
:0d3d9f0000000000000000000003180000fc
:203dac000000000000000000000000000000000000000000000000000000000000000000f7
:203dcc000000000000000000000000000000000000000000000000000000000000000000d7
:203dec000000000000000000000000000000000000000000000000000000000000000000b7
:0d3e0c0000000000000000000000000000a9
:203e1900000000000000000000000000000000000000000000000000000000000000000089
:203e3900000000000000000000000000000000000000000000000000000000000000000069
:203e5900000000000000000000000000000000000000000000000000000000000000000049
:0d3e7900000000000000000000000000003c
:203e860000000000000000000000000000000000000000000000000000000000000000001c
:203ea6000000000000000000000000000000000000000000000000000000000000000000fc
:203ec6000000000000000000000000000000000000000000000000000000000000000000dc
:0d3ee60000000000000000000000000020af
:203ef3000000000000000000000000000000000000000000000000000000000000000000af
:203f130000000000000000000000000000000000000000000000000000000000000000008e
:203f330000000000000000000000000000000000000000000000000000000000000000006e
:0d3f530000000000000000000003800000de
:203f6000000000000000000000000000000000000000000000000000000000000000000041
:203f8000000000000000000000000000000000000000000000000000000000000000000021
:203fa000000000000000000000000000000000000000000000000000000000000000000001
:0d3fc00000000000000000000000000000f4
:203fcd000000000000000000000000000000000000000000000000000000000000000000d4
:203fed000000000000000000000000000000000000000000000000000000000000000000b4
:20400d00000000000000000000000000000000000000000000000000000000000000000093
:0d402d000000000000000000000380000003
:20403a00000000000000000000000000000000000000000000000000000000000000000066
:20405a00000000000000000000000000000000000000000000000000000000000000000046
:20407a00000000000000000000000000000000000000000000000000000000000000000026
:0d409a000000000000000000000080000099
:2040a7000000000000000000000000000000000000000000000000000000000000000000f9
:2040c7000000000000000000000000000000000000000000000000000000000000000000d9
:2040e7000000000000000000000000000000000000000000000000000000000000000000b9
:0d41070000000000000000000000000000ab
:2041140000000000000000000000000000000000000000000000000000000000000000008b
:2041340000000000000000000000000000000000000000000000000000000000000000006b
:2041540000000000000000000000000000000000000000000000000000000000000000004b
:0d417400000000000000000000000000003e
:2041810000000000000000000000000000000000000000000000000000000000000000001e
:2041a1000000000000000000000000000000000000000000000000000000000000000000fe
:2041c1000000000000000000000000000000000000000000000000000000000000000000de
:0d41e10000000000000000000000000000d1
:2041ee000000000000000000000000000000000000000000000000000000000000000000b1
:20420e00000000000000000000000000000000000000000000000000000000000000000090
:20422e00000000000000000000000000000000000000000000000000000000000000000070
:0d424e000000000000000000000000000063
:20425b00000000000000000000000000000000000000000000000000000000000000000043
:20427b00000000000000000000000000000000000000000000000000000000000000000023
:20429b00000000000000000000000000000000000000000000000000000000000000000003
:0d42bb0000000000000000000000000000f6
:2042c8000000000000000000000000000000000000000000000000000000000000000000d6
:2042e8000000000000000000000000000000000000000000000000000000000000000000b6
:20430800000000000000000000000000000000000000000000000000000000000000000095
:0d4328000000000000000000000000000088
:20433500000000000000000000000000000000000000000000000000000000000000000068
:20435500000000000000000000000000000000000000000000000000000000000000000048
:20437500000000000000000000000000000000000000000000000000000000000000000028
:0d439500000000000000000000000000001b
:2043a2000000000000000000000000000000000000000000000000000000000000000000fb
:2043c2000000000000000000000000000000000000000000000000000000000000000000db
:2043e2000000000000000000000000000000000000000000000000000000000000000000bb
:0d44020000000000000000000000000000ad
:20440f0000000000000000000000000000000000000000000000000000000000000000008d
:20442f0000000000000000000000000000000000000000000000000000000000000000006d
:20444f0000000000000000000000000000000000000000000000000000000000000000004d
:0d446f000000000000000000000000000040
:20447c00000000000000000000000000000000000000000000000000000000000000000020
:20449c00000000000000000000000000000000000000000000000000000000000000000000
:2044bc000000000000000000000000000000000000000000000000000000000000000000e0
:0d44dc0000000000000000000000000000d3
:2044e9000000000000000000000000000000000000000000000000000000000000000000b3
:20450900000000000000000000000000000000000000000000000000000000000000000092
:20452900000000000000000000000000000000000000000000000000000000000000000072
:0d4549000000000000000000000000000065
:20455600000000000000000000000000000000000000000000000000000000000000000045
:20457600000000000000000000000000000000000000000000000000000000000000000025
:20459600000000000000000000000000000000000000000000000000000000000000000005
:0d45b60000000000000000000000000000f8
:2045c3000000000000000000000000000000000000000000000000000000000000000000d8
:2045e3000000000000000000000000000000000000000000000000000000000000000000b8
:20460300000000000000000000000000000000000000000000000000000000000000000097
:0d462300000000000000000000000000008a
:2046300000000000000000000000000000000000000000000000000000000000000000006a
:2046500000000000000000000000000000000000000000000000000000000000000000004a
:2046700000000000000000000000000000000000000000000000000000000000000000002a
:0d469000000000000000000000000000001d
:20469d000000000000000000000000000000000000000000000000000000000000000000fd
:2046bd000000000000000000000000000000000000000000000000000000000000000000dd
:2046dd000000000000000000000000000000000000000000000000000000000000000000bd
:0d46fd0000000000000000000000000000b0
:20470a0000000000000000000000000000000000000000000000000000000000000000008f
:20472a0000000000000000000000000000000000000000000000000000000000000000006f
:20474a0000000000000000000000000000000000000000000000000000000000000000004f
:0d476a000000000000000000000000000042
:20477700000000000000000000000000000000000000000000000000000000000000000022
:20479700000000000000000000000000000000000000000000000000000000000000000002
:2047b7000000000000000000000000000000000000000000000000000000000000000000e2
:0d47d70000000000000000000000000000d5
:2047e4000000000000000000000000000000000000000000000000000000000000000000b5
:20480400000000000000000000000000000000000000000000000000000000000000000094
:20482400000000000000000000000000000000000000000000000000000000000000000074
:0d4844000000000000000000000000000067
:20485100040000000000000000000000000000000000000000000000000000000000000043
:20487100000000000000000000000000000000000000000000000000000000000000000027
:20489100000000000000000000000000000000000000000000000000000000000000000007
:0d48b10000000000000000000000000000fa
:2048be000000000000000000000000000000000000000000000000000000000000000000da
:2048de000000000000000000000008000000000000000000000000000000000000000000b2
:2048fe0000000000000000000000000000000000000000000000000000000000000000009a
:0d491e00000000000000000000000000008c
:20492b0000000000000000000000000000000000000000000000000000000000000000006c
:20494b0000000000000000000000000000000000000000000000000000000000000000004c
:20496b0000000000000000000000000000000000000000000000000000000000000000002c
:0d498b00000000000000000000000000001f
:204998000000000000000000000000000000000000000000000000000000000000000000ff
:2049b80000000000000000000000000000000000000000000000000000000000700000006f
:2049d8000000000000000000000000000000000000000000000000000000000000000000bf
:0d49f80000000000000000000000000000b2
:204a0500000000000000000000000000000000000000000000000000000000000000000091
:204a2500000000000000000000000000000000000000000000000000000000000000000071
:204a4500000000000000000000000000000000000000000000003000000000000000000021
:0d4a65000000000000000000000000000044
:204a7200000000000000000000000000000000000000000000000000000000000000000024
:204a9200000000000000000000000000000000000000000000000000000000000000000004
:204ab2000000000000000000000000000000000000000000000000000000000000000000e4
:0d4ad20000000000000000000000000000d7
:204adf00000000000000000000000000000000000000000000600000000000000000000057
:204aff00000000000000000000000000000000000000000000000000000000000000000097
:204b1f00000000000000000000000000000000000000000000000000000000000000000076
:0d4b3f000000000000000000000000000069
:204b4c00000000000000000000000000000000000000000000000000000000000000000049
:204b6c00000000000000000000000000000000000000000000000000000000000000000029
:204b8c00000000000000000000000000000000000000000000000000000000000000000009
:0d4bac0000000000000000000000000000fc
:204bb9000000000000000000000000000000000000000000000000000000000000000000dc
:204bd9000000000000000000000000000000000000000000000000000000000000000000bc
:204bf90000000000000000000000000000000000000000f058000000000000000000000054
:0d4c1900000000000000000000000000008e
:204c260000000000000000000000000000000000000000000000000000000000000000006e
:204c460000000000000000000000000000000000000000000000000000000000000000004e
:204c660000000000000000000000000000000000000004f00000000000000000000000003a
:0d4c86000000000000000000000000000021
:204c9300000000000000000000000000000000000000000000000000000000000000000001
:204cb3000000000000000000000000000000000000000000000000000000000000000000e1
:204cd3000000000000000000000000000000000000000000000000000000000000000000c1
:0d4cf30000000000000000000000000000b4
:204d0000000000000000000000000000000000000000000000000000000000000000000093
:204d2000000000000000000000000000000000000000000000000000000000000000000073
:204d400000000000000000000000080000000000000000000000000000000000000000004b
:0d4d60000000000000000000000000000046
:204d6d00000000000000000000000000000000000000000000000000000000000000000026
:204d8d00000000000000000000000000000000000000000000000000000000000000000006
:204dad000000000000000000000000000000000000000000000000000000000000000000e6
:0d4dcd0000000000000000000000000000d9
:204dda000000000000000000000000000000000000000000000000000000000000000000b9
:204dfa00000000000000000000000000000000000000000000000000000000000000000099
:204e1a00000000000000000000000000000000000000000000000000000000000000000078
:0d4e3a00000000000000000000000000006b
:204e470000000000000000000000000000000000000000000000000000000000000000004b
:204e670000000000000000000000000000000000000000000000000000000000000000002b
:204e870000000000000000000000000000000000000000000000000000000000000000000b
:0d4ea70000000000000000000000000000fe
:204eb4000000000000000000000000000000000000000000000000000000000000000000de
:204ed4000000000000000000000000000000000000000000000000000000000000000000be
:204ef40000000000000000000000000000000000000000000000000000000000000000009e
:0d4f14000000000000000000000000000090
:204f2100000000000000000000000000000000000000000000000000000000000000000070
:204f4100000000000000000000000000000000000000000000000000000000000000000050
:204f6100000000000000000000000000000000000000000000000000000000000000000030
:0d4f81000000000000000000000000000023
:204f8e00000000000000000000000000000000000000000000000000000000000000000003
:204fae000000000000000000000000000000000000000000000000000000000000000000e3
:204fce000000000000000000000000000000000000000000000000000000000000000000c3
:0d4fee0000000000000000000000000000b6
:204ffb00000000000000000000000000000000000000000000000000000000000000000096
:20501b00000000000000000000000000000000000000000000000000000000000000000075
:20503b00000000000000000000000000000000000000000000000000000000000000000055
:0d505b000000000000000000000000000048
:20506800000000000000000000000000000000000000000000000000000000000000000028
:20508800000000000000000000000000000000000000000000000000000000000000000008
:2050a8000000000000000000000000000000000000000000000000000000000000000000e8
:0d50c80000000000000000000000000000db
:2050d5000000000000000000000000000000000000000000000000000000000000000000bb
:2050f50000000000000000000000000000000000000000000000000000000000000000009b
:2051150000000000000000000000000000000000000000000000000000000000000000007a
:0d513500000000000000000000000000006d
:2051420000000000000000000000000000000000000000000000000000000000000000004d
:2051620000000000000000000000000000000000000000000000000000000000000000002d
:2051820000000000000000000000000000000000000000000000000000000000000000000d
:0d51a2000000000000000000000000000000
:2051af000000000000000000000000000000000000000000000000000000000000000000e0
:2051cf000000000000000000000000000000000000000000000000000000000000000000c0
:2051ef000000000000000000000000000000000000000000000000000000000000000000a0
:0d520f000000000000000000000000000092
:20521c00000000000000000000000000000000000000000000000000000000000000000072
:20523c00000000000000000000000000000000000000000000000000000000000000000052
:20525c00000000000000000000000000000000000000000000000000000000000000000032
:0d527c000000000000000000000000000025
:20528900000000000000000000000000000000000000000000000000000000000000000005
:2052a9000000000000000000000000000000000000000000000000000000000000000000e5
:2052c9000000000000000000000000000000000000000000000000000000000000000000c5
:0d52e90000000000000000000000000000b8
:2052f600000000000000000000000000000000000000000000000000000000000000000098
:20531600000000000000000000000000000000000000000000000000000000000000000077
:20533600000000000000000000000000000000000000000000000000000000000000000057
:0d535600000000000000000000000000004a
:2053630000000000000000000000000000000000000000000000000000000000000000002a
:2053830000000000000000000000000000000000000000000000000000000000000000000a
:2053a3000000000000000000000000000000000000000000000000000000000000000000ea
:0d53c30000000000000000000000000000dd
:2053d0000000000000000000000000000000000000000000000000000000000000000000bd
:2053f00000000000000000000000000000000000000000000000000000000000000000009d
:2054100000000000000000000000000000000000000000000000000000000000000000007c
:0d543000000000000000000000000000006f
:20543d0000000000000000000000000000000000000000000000000000000000000000004f
:20545d0000000000000000000000000000000000000000000000000000000000000000002f
:20547d0000000000000000000000000000000000000000000000000000000000000000000f
:0d549d000000000000000000000000000002
:2054aa000000000000000000000000000000000000000000000000000000000000000000e2
:2054ca000000000000000000000000000000000000000000000000000000000000000000c2
:2054ea000000000000000000000000000000000000000000000000000000000000000000a2
:0d550a000000000000000000000000000094
:2055170000680000000000000000000000000000000000000000000000000000000000000c
:20553700000000000000000000000000000000000000000000000000000000000000000054
:20555700000000000000000000000000000000000000000000000000000000000000000034
:0d5577000000000000000000000000000027
:20558400000000000000000000000000000000000000000000000000000000000000000007
:2055a4000000000000000000000000000000000000000000000000000000000000000000e7
:2055c4000000000000000000000000000000000000000000000000000000000000000000c7
:0d55e40000000000000000000000000000ba
:2055f10000000000000000000000000000000000000000000000000000000000000000009a
:20561100000000000000000000000000000000000000000000000000000000000000000079
:20563100000000000000000000000000000000000000000000000000000000000000000059
:0d565100000000000000000000000000004c
:20565e0000000000000000000000000000000000000000000000000000000000000000002c
:20567e0000000000000000000000000000000000000000000000000000000000000000000c
:20569e000000000000000000000000000000000000000000000000000000000000000000ec
:0d56be0000000000000000000000000000df
:2056cb0020000000000000000000000000000000000000000000000000000000000000009f
:2056eb0000000000000000000000000000000000000000000000000000000000000000009f
:20570b0000000000000000000000000000000000000000000000000000000000000000007e
:0d572b000000000000000000000000000071
:20573800000000000000000000000000000000000000000000000000000000000000000051
:20575800000000000000000000000000000000000000000000000000000000000000000031
:20577800000000000000000000000000000000000000000000000000000000000000000011
:0d5798000000000000000000000000000004
:2057a5000000000000000000000000000000000000000000000000000000000000000000e4
:2057c5000000000000000000000000000000000000000000000000000000000000000000c4
:2057e5000000000000000000000000000000000000000000000000000000000000000000a4
:0d5805000000000000000000000000000096
:20581200000000000000000000000000000000000000000000000000000000000000000076
:20583200000000000000000000000000000000000000000000000000000000000000000056
:20585200000000000000000000000000000000000000000000000000000000000000000036
:0d5872000000000000000000000000100019
:20587f00000000000000000000000000000000000000000000000000000000000000000009
:20589f000000000000000000000000000000000000000000000000000000000000000000e9
:2058bf000000000000000000000000000000000000000000000000000000000000000000c9
:0d58df0000000000000000000000000000bc
:2058ec0000000000000000000000000000000000000000000000000000000000000000009c
:20590c0000000000000000000000000000000000000000000000000000000000000000007b
:20592c0000000000000000000000000000000000000000000000000000000000000000005b
:0d594c00000000000000000000000000004e
:2059590000000000000000000000000000000000000000000000000000000000000000002e
:2059790000000000000000000000000000000000000000000000000000000000000000000e
:205999000000000000000000000000000000000000000000000000000000000000000000ee
:0d59b90000000000000000000000000000e1
:2059c6000000000000000000000000000000000000000000000000000000000000000000c1
:2059e6000000000000000000000000000000000000000000000000000000000000000000a1
:205a0600000000000000000000000000000000000000000000000000000000000000000080
:0d5a26000000000000000000000000000073
:205a3300000000000000000000000000000000000000000000000000000000000000000053
:205a5300000000000000000000000000000000000000000000000000000000000000000033
:205a7300000000000000000000000000000000000000000000000000000000000000000013
:0d5a93000000000000000000000000000006
:205aa0000000000000000000000000000000000000000000000000000000000000000000e6
:205ac0000000000000000000000000000000000000000000000000000000000000000000c6
:205ae0000000000000000000000000000000000000000000000000000000000000000000a6
:0d5b00000000000000000000000000000098
:205b0d00000000000000000000000000000000000000000000000000000000000000000078
:205b2d00000000000000000000000000000000000000000000000000000000000000000058
:205b4d00000000000000000000000000000000000000000000000000000000000000000038
:0d5b6d00000000000000000000000000002b
:205b7a0000000000000000000000000000000000000000000000000000000000000000000b
:205b9a000000000000000000000000000000000000000000000000000000000000000000eb
:205bba000000000000000000000000000000000000000000000000000000000000000000cb
:0d5bda0000000000000000000000000000be
:025be7000000bc
:025be9001103a6
:025beb000101b6
:205bed00000000000000000000000000000000000000000000000000000000000000000098
:205c0d00000000000000000000000000000000000000000000000000000000000000000077
:205c2d00000000000000000000000000000000000000000000000000000000000000000057
:0d5c4d00000000000000000000000000004a
:205c5a0000000000000000000000000000000000000000000000000000000000000000002a
:205c7a0000000000000000000000000000000000000000000000000000000000000000000a
:205c9a000000000000000000000000000000000000000000000000000000000000000000ea
:0d5cba0000000000000000000000000000dd
:205cc7000000000000000000000000000000000000000000000000000000000000000000bd
:205ce70000000000000000000000000000000000000000000000000000000000000000009d
:205d070000000000000000000000000000000000000000000000000000000000000000007c
:0d5d2700000000000000000000000000006f
:205d340000000000000000000000000000000000000000000000000000000000000000004f
:205d540000000000000000000000000000000000000000000000000000000000000000002f
:205d740000000000000000000000000000000000000000000000000000000000000000000f
:0d5d94000000000000000000000000000002
:205da1000000000000000000000000000000000000000000000000000000000000000000e2
:205dc1000000000000000000000000000000000000000000000000000000000000000000c2
:205de1000000000000000000000000000000000000000000000000000000000000000000a2
:0d5e01000000000000000000000000000094
:205e0e00000000000000000000000000000000000000000000000000000000000000000074
:205e2e00000000000000000000000000000000000000000000000000000000000000000054
:205e4e00000000000000000000000000000000000000000000000000000000000000000034
:0d5e6e000000000000000000000000000027
:205e7b00000000000000000000000000000000000000000000000000000000000000000007
:205e9b000000000000000000000000000000000000000000000000000000000000000000e7
:205ebb000000000000000000000000000000000000000000000000000000000000000000c7
:0d5edb0000000000000000000000000000ba
:205ee80000000000000000000000000000000000000000000000000000000000000000009a
:205f0800000000000000000000000000000000000000000000000000000000000000000079
:205f2800000000000000000000000000000000000000000000000000000000000000000059
:0d5f4800000000000000000000000000004c
:205f550000000000000000000000000000000000000000000000000000000000000000002c
:205f750000000000000000000000000000000000000000000000000000000000000000000c
:205f95000000000000000000000000000000000000000000000000000000000000000000ec
:0d5fb50000000000000000000000000000df
:205fc2000000000000000000000000000000000000000000000000000000000000000000bf
:205fe20000000000000000000000000000000000000000000000000000000000000000009f
:2060020000000000000000000000000000000000000000000000000000000000000000007e
:0d6022000000000000000000000000000071
:20602f00000000000000000000000000000000000000000000000000000000000000000051
:20604f00000000000000000000000000000000000000000000000000000000000000000031
:20606f00000000000000000000000000000000000000000000000000000000000000000011
:0d608f000000000000000000000000000004
:20609c000000000000000000000000000000000000000000000000000000000000000000e4
:2060bc000000000000000000000000000000000000000000000000000000000000000000c4
:2060dc000000000000000000000000000000000000000000000000000000000000000000a4
:0d60fc000000000000000000000000000097
:20610900000000000000000000000000000000000000000000000000000000000000000076
:20612900000000000000000000000000000000000000000000000000000000000000000056
:20614900000000000000000000000000000000000000000000000000000000000000000036
:0d6169000000000000000000000000000029
:20617600000000000000000000000000000000000000000000000000000000000000000009
:206196000000000000000000000000000000000000000000000000000000000000000000e9
:2061b6000000000000000000000000000000000000000000000000000000000000000000c9
:0d61d60000000000000000000000000000bc
:2061e30000000000000000000000000000000000000000000000000000000000000000009c
:2062030000000000000000000000000000000000000000000000000000000000000000007b
:2062230000000000000000000000000000000000000000000000000000000000000000005b
:0d624300000000000000000000000000004e
:2062500000000000000000000000000000000000000000000000000000000000000000002e
:2062700000000000000000000000000000000000000000000000000000000000000000000e
:206290000000000000000000000000000000000000000000000000000000000000000000ee
:0d62b00000000000000000000000000000e1
:2062bd000000000000000000000000000000000000000000000000000000000000000000c1
:2062dd000000000000000000000000000000000000000000000000000000000000000000a1
:2062fd00000000000000000000000000000000000000000000000000000000000000000081
:0d631d000000000000000000000000000073
:20632a00000000000000000000000000000000000000000000000000000000000000000053
:20634a00000000000000000000000000000000000000000000000000000000000000000033
:20636a00000000000000000000000000000000000000000000000000000000000000000013
:0d638a000000000000000000000000000006
:206397000000000000000000000000000000000000000000000000000000000000000000e6
:2063b7000000000000000000000000000000000000000000000000000000000000000000c6
:2063d7000000000000000000000000000000000000000000000000000000000000000000a6
:0d63f7000000000000000000000000000099
:20640400000000000000000000000000000000000000000000000000000000000000000078
:20642400000000000000000000000000000000000000000000000000000000000000000058
:20644400000000000000000000000000000000000000000000000000000000000000000038
:0d646400000000000000000000000000002b
:2064710000000000000000000000000000000000000000000000000000000000000000000b
:206491000000000000000000000000000000000000000000000000000000000000000000eb
:2064b1000000000000000000000000000000000000000000000000000000000000000000cb
:0d64d10000000000000000000000000000be
:2064de0000000000000000000000000000000000000000000000000000000000000000009e
:2064fe0000000000000000000000000000000000000000000000000000000000000000007e
:20651e0000000000000000000000000000000000000000000000000000000000000000005d
:0d653e000000000000000000000000000050
:20654b00000000000000000000000000000000000000000000000000000000000000000030
:20656b00000000000000000000000000000000000000000000000000000000000000000010
:20658b000000000000000000000000000000000000000000000000000000000000000000f0
:0d65ab0000000000000000000000000000e3
:2065b8000000000000000000000000000000000000000000000000000000000000000000c3
:2065d8000000000000000000000000000000000000000000000000000000000000000000a3
:2065f800000000000000000000000000000000000000000000000000000000000000000083
:0d6618000000000000000000000000000075
:20662500000000000000000000000000000000000000000000000000000000000000000055
:20664500000000000000000000000000000000000000000000000000000000000000000035
:20666500000000000000000000000000000000000000000000000000000000000000000015
:0d6685000000000000000000000000000008
:206692000000000000000000000000000000000000000000000000000000000000000000e8
:2066b2000000000000000000000000000000000000000000000000000000000000000000c8
:2066d2000000000000000000000000000000000000000000000000000000000000000000a8
:0d66f200000000000000000000000000009b
:2066ff0000000000000000000000000000000000000000000000000000000000000000007b
:20671f0000000000000000000000000000000000000000000000000000000000000000005a
:20673f0000000000000000000000000000000000000000000000000000000000000000003a
:0d675f00000000000000000000000000002d
:20676c0000000000000000000000000000000000000000000000000000000000000000000d
:20678c000000000000000000000000000000000000000000000000000000000000000000ed
:2067ac000000000000000000000000000000000000000000000000000000000000000000cd
:0d67cc0000000000000000000000000000c0
:2067d9000000000000000000000000000000000000000000000000000000000000000000a0
:2067f900000000000000000000000000000000000000000000000000000000000000000080
:2068190000000000000000000000000000000000000000000000000000000000000000005f
:0d6839000000000000000000000000000052
:20684600000000000000000000000000000000000000000000000000000000000000000032
:20686600000000000000000000000000000000000000000000000000000000000000000012
:206886000000000000000000000000000000000000000000000000000000000000000000f2
:0d68a60000000000000000000000000000e5
:2068b3000000000000000000000000000000000000000000000000000000000000000000c5
:2068d3000000000000000000000000000000000000000000000000000000000000000000a5
:2068f300000000000000000000000000000000000000000000000000000000000000000085
:0d6913000000000000000000000000000077
:20692000000000000000000000000000000000000000000000000000000000000000000057
:20694000000000000000000000000000000000000000000000000000000000000000000037
:20696000000000000000000000000000000000000000000000000000000000000000000017
:0d698000000000000000000000000000000a
:20698d000000000000000000000000000000000000000000000000000000000000000000ea
:2069ad000000000000000000000000000000000000000000000000000000000000000000ca
:2069cd000000000000000000000000000000000000000000000000000000000000000000aa
:0d69ed00000000000000000000000000009d
:2069fa0000000000000000000000000000000000000000000000000000000000000000007d
:206a1a0000000000000000000000000000000000000000000000000000000000000000005c
:206a3a0000000000000000000000000000000000000000000000000000000000000000003c
:0d6a5a00000000000000000000000000002f
:206a670000000000000000000000000000000000000000000000000000000000000000000f
:206a87000000000000000000000000000000000000000000000000000000000000000000ef
:206aa7000000000000000000000000000000000000000000000000000000000000000000cf
:0d6ac70000000000000000000000000000c2
:206ad4000000000000000000000000000000000000000000000000000000000000000000a2
:206af400000000000000000000000000000000000000000000000000000000000000000082
:206b1400000000000000000000000000000000000000000000000000000000000000000061
:0d6b34000000000000000000000000000054
:206b4100000000000000000000000000000000000000000000000000000000000000000034
:206b6100000000000000000000000000000000000000000000000000000000000000000014
:206b81000000000000000000000000000000000000000000000000000000000000000000f4
:0d6ba10000000000000000000000000000e7
:206bae000000000000000000000000000000000000000000000000000000000000000000c7
:206bce000000000000000000000000000000000000000000000000000000000000000000a7
:206bee00000000000000000000000000000000000000000000000000000000000000000087
:0d6c0e000000000000000000000000000079
:206c1b00000000000000000000000000000000000000000000000000000000000000000059
:206c3b00000000000000000000000000000000000000000000000000000000000000000039
:206c5b00000000000000000000000000000000000000000000000000000000000000000019
:0d6c7b00000000000000000000000000000c
:206c88000000000000000000000000000000000000000000000000000000000000000000ec
:206ca8000000000000000000000000000000000000000000000000000000000000000000cc
:206cc8000000000000000000000000000000000000000000000000000000000000000000ac
:0d6ce800000000000000000000000000009f
:206cf50000000000000000000000000000000000000000000000000000000000000000007f
:206d150000000000000000000000000000000000000000000000000000000000000000005e
:206d350000000000000000000000000000000000000000000000000000000000000000003e
:0d6d55000000000000000000000000000031
:206d6200000000000000000000000000000000000000000000000000000000000000000011
:206d82000000000000000000000000000000000000000000000000000000000000000000f1
:206da2000000000000000000000000000000000000000000000000000000000000000000d1
:0d6dc20000000000000000000000000000c4
:206dcf000000000000000000000000000000000000000000000000000000000000000000a4
:206def00000000000000000000000000000000000000000000000000000000000000000084
:206e0f00000000000000000000000000000000000000000000000000000000000000000063
:0d6e2f000000000000000000000000000056
:206e3c00000000000000000000000000000000000000000000000000000000000000000036
:206e5c00000000000000000000000000000000000000000000000000000000000000000016
:206e7c000000000000000000000000000000000000000000000000000000000000000000f6
:0d6e9c0000000000000000000000000000e9
:206ea9000000000000000000000000000000000000000000000000000000000000000000c9
:206ec9000000000000000000000000000000000000000000000000000000000000000000a9
:206ee900000000000000000000000000000000000000000000000000000000000000000089
:0d6f0900000000000000000000000000007b
:206f160000000000000000000000000000000000000000000000000000000000000000005b
:206f360000000000000000000000000000000000000000000000000000000000000000003b
:206f560000000000000000000000000000000000000000000000000000000000000000001b
:0d6f7600000000000000000000000000000e
:206f83000000000000000000000000000000000000000000000000000000000000000000ee
:206fa3000000000000000000000000000000000000000000000000000000000000000000ce
:206fc3000000000000000000000000000000000000000000000000000000000000000000ae
:0d6fe30000000000000000000000000000a1
:206ff000000000000000000000000000000000000000000000000000000000000000000081
:20701000000000000000000000000000000000000000000000000000000000000000000060
:20703000000000000000000000000000000000000000000000000000000000000000000040
:0d7050000000000000000000000000000033
:20705d00000000000000000000000000000000000000000000000000000000000000000013
:20707d000000000000000000000000000000000000000000000000000000000000000000f3
:20709d000000000000000000000000000000000000000000000000000000000000000000d3
:0d70bd0000000000000000000000000000c6
:2070ca000000000000000000000000000000000000000000000000000000000000000000a6
:2070ea00000000000000000000000000000000000000000000000000000000000000000086
:20710a00000000000000000000000000000000000000000000000000000000000000000065
:0d712a000000000000000000000000000058
:20713700000000000000000000000000000000000000000000000000000000000000000038
:20715700000000000000000000000000000000000000000000000000000000000000000018
:207177000000000000000000000000000000000000000000000000000000000000000000f8
:0d71970000000000000000000000000000eb
:2071a4000000000000000000000000000000000000000000000000000000000000000000cb
:2071c4000000000000000000000000000000000000000000000000000000000000000000ab
:2071e40000000000000000000000000000000000000000000000000000000000000000008b
:0d720400000000000000000000000000007d
:2072110000000000000000000000000000000000000000000000000000000000000000005d
:2072310000000000000000000000000000000000000000000000000000000000000000003d
:2072510000000000000000000000000000000000000000000000000000000000000000001d
:0d7271000000000000000000000000000010
:20727e000000000000000000000000000000000000000000000000000000000000000000f0
:20729e000000000000000000000000000000000000000000000000000000000000000000d0
:2072be000000000000000000000000000000000000000000000000000000000000000000b0
:0d72de0000000000000000000000000000a3
:2072eb00000000000000000000000000000000000000000000000000000000000000000083
:20730b00000000000000000000000000000000000000000000000000000000000000000062
:20732b00000000000000000000000000000000000000000000000000000000000000000042
:0d734b000000000000000000000000000035
:20735800000000000000000000000000000000000000000000000000000000000000000015
:207378000000000000000000000000000000000000000000000000000000000000000000f5
:207398000000000000000000000000000000000000000000000000000000000000000000d5
:0d73b80000000000000000000000000000c8
:2073c5000000000000000000000000000000000000000000000000000000000000000000a8
:2073e500000000000000000000000000000000000000000000000000000000000000000088
:20740500000000000000000000000000000000000000000000000000000000000000000067
:0d742500000000000000000000000000005a
:2074320000000000000000000000000000000000000000000000000000000000000000003a
:2074520000000000000000000000000000000000000000000000000000000000000000001a
:207472000000000000000000000000000000000000000000000000000000000000000000fa
:0d74920000000000000000000000000000ed
:20749f000000000000000000000000000000000000000000000000000000000000000000cd
:2074bf000000000000000000000000000000000000000000000000000000000000000000ad
:2074df0000000000000000000000000000000000000000000000000000000000000000008d
:0d74ff000000000000000000000000000080
:20750c0000000000000000000000000000000000000000000000000000000000000000005f
:20752c0000000000000000000000000000000000000000000000000000000000000000003f
:20754c0000000000000000000000000000000000000000000000000000000000000000001f
:0d756c000000000000000000000000000012
:207579000000000000000000000000000000000000000000000000000000000000000000f2
:207599000000000000000000000000000000000000000000000000000000000000000000d2
:2075b9000000000000000000000000000000000000000000000000000000000000000000b2
:0d75d90000000000000000000000000000a5
:2075e600000000000000000000000000000000000000000000000000000000000000000085
:20760600000000000000000000000000000000000000000000000000000000000000000064
:20762600000000000000000000000000000000000000000000000000000000000000000044
:0d7646000000000000000000000000000037
:20765300000000000000000000000000000000000000000000000000000000000000000017
:207673000000000000000000000000000000000000000000000000000000000000000000f7
:207693000000000000000000000000000000000000000000000000000000000000000000d7
:0d76b30000000000000000000000000000ca
:2076c0000000000000000000000000000000000000000000000000000000000000000000aa
:2076e00000000000000000000000000000000000000000000000000000000000000000008a
:20770000000000000000000000000000000000000000000000000000000000000000000069
:0d772000000000000000000000000000005c
:20772d0000000000000000000000000000000000000000000000000000000000000000003c
:20774d0000000000000000000000000000000000000000000000000000000000000000001c
:20776d000000000000000000000000000000000000000000000000000000000000000000fc
:0d778d0000000000000000000000000000ef
:20779a000000000000000000000000000000000000000000000000000000000000000000cf
:2077ba000000000000000000000000000000000000000000000000000000000000000000af
:2077da0000000000000000000000000000000000000000000000000000000000000000008f
:0d77fa000000000000000000000000000082
:20780700000000000000000000000000000000000000000000000000000000000000000061
:20782700000000000000000000000000000000000000000000000000000000000000000041
:20784700000000000000000000000000000000000000000000000000000000000000000021
:0d7867000000000000000000000000000014
:207874000000000000000000000000000000000000000000000000000000000000000000f4
:207894000000000000000000000000000000000000000000000000000000000000000000d4
:2078b4000000000000000000000000000000000000000000000000000000000000000000b4
:0d78d40000000000000000000000000000a7
:2078e100000000000000000000000000000000000000000000000000000000000000000087
:20790100000000000000000000000000000000000000000000000000000000000000000066
:20792100000000000000000000000000000000000000000000000000000000000000000046
:0d7941000000000000000000000000000039
:20794e00000000000000000000000000000000000000000000000000000000000000000019
:20796e000000000000000000000000000000000000000000000000000000000000000000f9
:20798e000000000000000000000000000000000000000000000000000000000000000000d9
:0d79ae0000000000000000000000000000cc
:2079bb000000000000000000000000000000000000000000000000000000000000000000ac
:2079db0000000000000000000000000000000000000000000000000000000000000000008c
:2079fb0000000000000000000000000000000000000000000000000000000000000000006c
:0d7a1b00000000000000000000000000005e
:207a280000000000000000000000000000000000000000000000000000000000000000003e
:207a480000000000000000000000000000000000000000000000000000000000000000001e
:207a68000000000000000000000000000000000000000000000000000000000000000000fe
:0d7a880000000000000000000000000000f1
:207a95000000000000000000000000000000000000000000000000000000000000000000d1
:207ab5000000000000000000000000000000000000000000000000000000000000000000b1
:207ad500000000000000000000000000000000000000000000000000000000000000000091
:0d7af5000000000000000000000000000084
:207b0200000000000000000000000000000000000000000000000000000000000000000063
:207b2200000000000000000000000000000000000000000000000000000000000000000043
:207b4200000000000000000000000000000000000000000000000000000000000000000023
:0d7b62000000000000000000000000000016
:207b6f000000000000000000000000000000000000000000000000000000000000000000f6
:207b8f000000000000000000000000000000000000000000000000000000000000000000d6
:207baf000000000000000000000000000000000000000000000000000000000000000000b6
:0d7bcf0000000000000000000000000000a9
:207bdc00000000000000000000000000000000000000000000000000000000000000000089
:207bfc00000000000000000000000000000000000000000000000000000000000000000069
:207c1c00000000000000000000000000000000000000000000000000000000000000000048
:0d7c3c00000000000000000000000000003b
:207c490000000000000000000000000000000000000000000000000000000000000000001b
:207c69000000000000000000000000000000000000000000000000000000000000000000fb
:207c89000000000000000000000000000000000000000000000000000000000000000000db
:0d7ca90000000000000000000000000000ce
:207cb6000000000000000000000000000000000000000000000000000000000000000000ae
:207cd60000000000000000000000000000000000000000000000000000000000000000008e
:207cf60000000000000000000000000000000000000000000000000000000000000000006e
:0d7d16000000000000000000000000000060
:207d2300000000000000000000000000000000000000000000000000000000000000000040
:207d4300000000000000000000000000000000000000000000000000000000000000000020
:207d6300000000000000000000000000000000000000000000000000000000000000000000
:0d7d830000000000000000000000000000f3
:207d90000000000000000000000000000000000000000000000000000000000000000000d3
:207db0000000000000000000000000000000000000000000000000000000000000000000b3
:207dd000000000000000000000000000000000000000000000000000000000000000000093
:0d7df0000000000000000000000000000086
:207dfd00000000000000000000000000000000000000000000000000000000000000000066
:207e1d00000000000000000000000000000000000000000000000000000000000000000045
:207e3d00000000000000000000000000000000000000000000000000000000000000000025
:0d7e5d000000000000000000000000000018
:207e6a000000000000000000000000000000000000000000000000000000000000000000f8
:207e8a000000000000000000000000000000000000000000000000000000000000000000d8
:207eaa000000000000000000000000000000000000000000000000000000000000000000b8
:0d7eca0000000000000000000000000000ab
:207ed70000000000000000000000000000000000000000000000000000000000000000008b
:207ef70000000000000000000000000000000000000000000000000000000000000000006b
:207f170000000000000000000000000000000000000000000000000000000000000000004a
:0d7f3700000000000000000000000000003d
:207f440000000000000000000000000000000000000000000000000000000000000000001d
:207f64000000000000000000000000000000000000000000000000000000000000000000fd
:207f84000000000000000000000000000000000000000000000000000000000000000000dd
:0d7fa40000000000000000000000000000d0
:207fb1000000000000000000000000000000000000000000000000000000000000000000b0
:207fd100000000000000000000000000000000000000000000000000000000000000000090
:207ff100000000000000000000000000000000000000000000000000000000000000000070
:0d8011000000000000000000000000000062
:20801e00000000000000000000000000000000000000000000000000000000000000000042
:20803e00000000000000000000000000000000000000000000000000000000000000000022
:20805e00000000000000000000000000000000000000000000000000000000000000000002
:0d807e0000000000000000000000000000f5
:20808b000000000000000000000000000000000000000000000000000000000000000000d5
:2080ab000000000000000000000000000000000000000000000000000000000000000000b5
:2080cb00000000000000000000000000000000000000000000000000000000000000000095
:0d80eb000000000000000000000000000088
:2080f800000000000000000000000000000000000000000000000000000000000000000068
:20811800000000000000000000000000000000000000000000000000000000000000000047
:20813800000000000000000000000000000000000000000000000000000000000000000027
:0d815800000000000000000000000000001a
:208165000000000000000000000000000000000000000000000000000000000000000000fa
:208185000000000000000000000000000000000000000000000000000000000000000000da
:2081a5000000000000000000000000000000000000000000000000000000000000000000ba
:0d81c50000000000000000000000000000ad
:2081d20000000000000000000000000000000000000000000000000000000000000000008d
:2081f20000000000000000000000000000000000000000000000000000000000000000006d
:2082120000000000000000000000000000000000000000000000000000000000000000004c
:0d823200000000000000000000000000003f
:20823f0000000000000000000000000000000000000000000000000000000000000000001f
:20825f000000000000000000000000000000000000000000000000000000000000000000ff
:20827f000000000000000000000000000000000000000000000000000000000000000000df
:0d829f0000000000000000000000000000d2
:2082ac000000000000000000000000000000000000000000000000000000000000000000b2
:2082cc00000000000000000000000000000000000000000000000000000000000000000092
:2082ec00000000000000000000000000000000000000000000000000000000000000000072
:0d830c000000000000000000000000000064
:20831900000000000000000000000000000000000000000000000000000000000000000044
:20833900000000000000000000000000000000000000000000000000000000000000000024
:20835900000000000000000000000000000000000000000000000000000000000000000004
:0d83790000000000000000000000000000f7
:208386000000000000000000000000000000000000000000000000000000000000000000d7
:2083a6000000000000000000000000000000000000000000000000000000000000000000b7
:2083c600000000000000000000000000000000000000000000000000000000000000000097
:0d83e600000000000000000000000000008a
:2083f30000000000000000000000000000000000000000000000000000000000000000006a
:20841300000000000000000000000000000000000000000000000000000000000000000049
:20843300000000000000000000000000000000000000000000000000000000000000000029
:0d845300000000000000000000000000001c
:208460000000000000000000000000000000000000000000000000000000000000000000fc
:208480000000000000000000000000000000000000000000000000000000000000000000dc
:2084a0000000000000000000000000000000000000000000000000000000000000000000bc
:0d84c00000000000000000000000000000af
:2084cd0000000000000000000000000000000000000000000000000000000000000000008f
:2084ed0000000000000000000000000000000000000000000000000000000000000000006f
:20850d0000000000000000000000000000000000000000000000000000000000000000004e
:0d852d000000000000000000000000000041
:20853a00000000000000000000000000000000000000000000000000000000000000000021
:20855a00000000000000000000000000000000000000000000000000000000000000000001
:20857a000000000000000000000000000000000000000000000000000000000000000000e1
:0d859a0000000000000000000000000000d4
:2085a7000000000000000000000000000000000000000000000000000000000000000000b4
:2085c700000000000000000000000000000000000000000000000000000000000000000094
:2085e700000000000000000000000000000000000000000000000000000000000000000074
:0d8607000000000000000000000000000066
:20861400000000000000000000000000000000000000000000000000000000000000000046
:20863400000000000000000000000000000000000000000000000000000000000000000026
:20865400000000000000000000000000000000000000000000000000000000000000000006
:0d86740000000000000000000000000000f9
:208681000000000000000000000000000000000000000000000000000000000000000000d9
:2086a1000000000000000000000000000000000000000000000000000000000000000000b9
:2086c100000000000000000000000000000000000000000000000000000000000000000099
:0d86e100000000000000000000000000008c
:2086ee0000000000000000000000000000000000000000000000000000000000000000006c
:20870e0000000000000000000000000000000000000000000000000000000000000000004b
:20872e0000000000000000000000000000000000000000000000000000000000000000002b
:0d874e00000000000000000000000000001e
:20875b000000000000000000000000000000000000000000000000000000000000000000fe
:20877b000000000000000000000000000000000000000000000000000000000000000000de
:20879b000000000000000000000000000000000000000000000000000000000000000000be
:0d87bb0000000000000000000000000000b1
:2087c800000000000000000000000000000000000000000000000000000000000000000091
:2087e800000000000000000000000000000000000000000000000000000000000000000071
:20880800000000000000000000000000000000000000000000000000000000000000000050
:0d8828000000000000000000000000000043
:20883500000000000000000000000000000000000000000000000000000000000000000023
:20885500000000000000000000000000000000000000000000000000000000000000000003
:208875000000000000000000000000000000000000000000000000000000000000000000e3
:0d88950000000000000000000000000000d6
:2088a2000000000000000000000000000000000000000000000000000000000000000000b6
:2088c200000000000000000000000000000000000000000000000000000000000000000096
:2088e200000000000000000000000000000000000000000000000000000000000000000076
:0d8902000000000000000000000000000068
:20890f00000000000000000000000000000000000000000000000000000000000000000048
:20892f00000000000000000000000000000000000000000000000000000000000000000028
:20894f00000000000000000000000000000000000000000000000000000000000000000008
:0d896f0000000000000000000000000000fb
:20897c000000000000000000000000000000000000000000000000000000000000000000db
:20899c000000000000000000000000000000000000000000000000000000000000000000bb
:2089bc0000000000000000000000000000000000000000000000000000000000000000009b
:0d89dc00000000000000000000000000008e
:2089e90000000000000000000000000000000000000000000000000000000000000000006e
:208a090000000000000000000000000000000000000000000000000000000000000000004d
:208a290000000000000000000000000000000000000000000000000000000000000000002d
:0d8a49000000000000000000000000000020
:208a5600000000000000000000000000000000000000000000000000000000000000000000
:208a76000000000000000000000000000000000000000000000000000000000000000000e0
:208a96000000000000000000000000000000000000000000000000000000000000000000c0
:0d8ab60000000000000000000000000000b3
:208ac300000000000000000000000000000000000000000000000000000000000000000093
:208ae300000000000000000000000000000000000000000000000000000000000000000073
:208b0300000000000000000000000000000000000000000000000000000000000000000052
:0d8b23000000000000000000000000000045
:208b3000000000000000000000000000000000000000000000000000000000000000000025
:208b5000000000000000000000000000000000000000000000000000000000000000000005
:208b70000000000000000000000000000000000000000000000000000000000000000000e5
:0d8b900000000000000000000000000000d8
:208b9d000000000000000000000000000000000000000000000000000000000000000000b8
:208bbd00000000000000000000000000000000000000000000000000000000000000000098
:208bdd00000000000000000000000000000000000000000000000000000000000000000078
:0d8bfd00000000000000000000000000006b
:208c0a0000000000000000000000000000000000000000000000000000000000000000004a
:208c2a0000000000000000000000000000000000000000000000000000000000000000002a
:208c4a0000000000000000000000000000000000000000000000000000000000000000000a
:0d8c6a0000000000000000000000000000fd
:208c77000000000000000000000000000000000000000000000000000000000000000000dd
:208c97000000000000000000000000000000000000000000000000000000000000000000bd
:208cb70000000000000000000000000000000000000000000000000000000000000000009d
:0d8cd7000000000000000000000000000090
:208ce400000000000000000000000000000000000000000000000000000000000000000070
:208d040000000000000000000000000000000000000000000000000000000000000000004f
:208d240000000000000000000000000000000000000000000000000000000000000000002f
:0d8d44000000000000000000000000000022
:208d5100000000000000000000000000000000000000000000000000000000000000000002
:208d71000000000000000000000000000000000000000000000000000000000000000000e2
:208d91000000000000000000000000000000000000000000000000000000000000000000c2
:0d8db10000000000000000000000000000b5
:208dbe00000000000000000000000000000000000000000000000000000000000000000095
:208dde00000000000000000000000000000000000000000000000000000000000000000075
:208dfe00000000000000000000000000000000000000000000000000000000000000000055
:0d8e1e000000000000000000000000000047
:208e2b00000000000000000000000000000000000000000000000000000000000000000027
:208e4b00000000000000000000000000000000000000000000000000000000000000000007
:208e6b000000000000000000000000000000000000000000000000000000000000000000e7
:0d8e8b0000000000000000000000000000da
:208e98000000000000000000000000000000000000000000000000000000000000000000ba
:208eb80000000000000000000000000000000000000000000000000000000000000000009a
:208ed80000000000000000000000000000000000000000000000000000000000000000007a
:0d8ef800000000000000000000000000006d
:208f050000000000000000000000000000000000000000000000000000000000000000004c
:208f250000000000000000000000000000000000000000000000000000000000000000002c
:208f450000000000000000000000000000000000000000000000000000000000000000000c
:0d8f650000000000000000000000000000ff
:208f72000000000000000000000000000000000000000000000000000000000000000000df
:208f92000000000000000000000000000000000000000000000000000000000000000000bf
:208fb20000000000000000000000000000000000000000000000000000000000000000009f
:0d8fd2000000000000000000000000000092
:208fdf00000000000000000000000000000000000000000000000000000000000000000072
:208fff00000000000000000000000000000000000000000000000000000000000000000052
:20901f00000000000000000000000000000000000000000000000000000000000000000031
:0d903f000000000000000000000000000024
:20904c00000000000000000000000000000000000000000000000000000000000000000004
:20906c000000000000000000000000000000000000000000000000000000000000000000e4
:20908c000000000000000000000000000000000000000000000000000000000000000000c4
:0d90ac0000000000000000000000000000b7
:2090b900000000000000000000000000000000000000000000000000000000000000000097
:2090d900000000000000000000000000000000000000000000000000000000000000000077
:2090f900000000000000000000000000000000000000000000000000000000000000000057
:0d9119000000000000000000000000000049
:20912600000000000000000000000000000000000000000000000000000000000000000029
:20914600000000000000000000000000000000000000000000000000000000000000000009
:209166000000000000000000000000000000000000000000000000000000000000000000e9
:0d91860000000000000000000000000000dc
:209193000000000000000000000000000000000000000000000000000000000000000000bc
:2091b30000000000000000000000000000000000000000000000000000000000000000009c
:2091d30000000000000000000000000000000000000000000000000000000000000000007c
:0d91f300000000000000000000000000006f
:2092000000000000000000000000000000000000000000000000000000000000000000004e
:2092200000000000000000000000000000000000000000000000000000000000000000002e
:2092400000000000000000000000000000000000000000000000000000000000000000000e
:0d9260000000000000000000000000000001
:20926d000000000000000000000000000000000000000000000000000000000000000000e1
:20928d000000000000000000000000000000000000000000000000000000000000000000c1
:2092ad000000000000000000000000000000000000000000000000000000000000000000a1
:0d92cd000000000000000000000000000094
:2092da00000000000000000000000000000000000000000000000000000000000000000074
:2092fa00000000000000000000000000000000000000000000000000000000000000000054
:20931a00000000000000000000000000000000000000000000000000000000000000000033
:0d933a000000000000000000000000000026
:20934700000000000000000000000000000000000000000000000000000000000000000006
:209367000000000000000000000000000000000000000000000000000000000000000000e6
:209387000000000000000000000000000000000000000000000000000000000000000000c6
:0d93a70000000000000000000000000000b9
:2093b400000000000000000000000000000000000000000000000000000000000000000099
:2093d400000000000000000000000000000000000000000000000000000000000000000079
:2093f400000000000000000000000000000000000000000000000000000000000000000059
:0d941400000000000000000000000000004b
:2094210000000000000000000000000000000000000000000000000000000000000000002b
:2094410000000000000000000000000000000000000000000000000000000000000000000b
:209461000000000000000000000000000000000000000000000000000000000000000000eb
:0d94810000000000000000000000000000de
:20948e000000000000000000000000000000000000000000000000000000000000000000be
:2094ae0000000000000000000000000000000000000000000000000000000000000000009e
:2094ce0000000000000000000000000000000000000000000000000000000000000000007e
:0d94ee000000000000000000000000000071
:2094fb00000000000000000000000000000000000000000000000000000000000000000051
:20951b00000000000000000000000000000000000000000000000000000000000000000030
:20953b00000000000000000000000000000000000000000000000000000000000000000010
:0d955b000000000000000000000000000003
:209568000000000000000000000000000000000000000000000000000000000000000000e3
:209588000000000000000000000000000000000000000000000000000000000000000000c3
:2095a8000000000000000000000000000000000000000000000000000000000000000000a3
:0d95c8000000000000000000000000000096
:2095d500000000000000000000000000000000000000000000000000000000000000000076
:2095f500000000000000000000000000000000000000000000000000000000000000000056
:20961500000000000000000000000000000000000000000000000000000000000000000035
:0d9635000000000000000000000000000028
:20964200000000000000000000000000000000000000000000000000000000000000000008
:209662000000000000000000000000000000000000000000000000000000000000000000e8
:209682000000000000000000000000000000000000000000000000000000000000000000c8
:0d96a20000000000000000000000000000bb
:2096af0000000000000000000000000000000000000000000000000000000000000000009b
:2096cf0000000000000000000000000000000000000000000000000000000000000000007b
:2096ef0000000000000000000000000000000000000000000000000000000000000000005b
:0d970f00000000000000000000000000004d
:20971c0000000000000000000000000000000000000000000000000000000000000000002d
:20973c0000000000000000000000000000000000000000000000000000000000000000000d
:20975c000000000000000000000000000000000000000000000000000000000000000000ed
:0d977c0000000000000000000000000000e0
:209789000000000000000000000000000000000000000000000000000000000000000000c0
:2097a9000000000000000000000000000000000000000000000000000000000000000000a0
:2097c900000000000000000000000000000000000000000000000000000000000000000080
:0d97e9000000000000000000000000000073
:2097f600000000000000000000000000000000000000000000000000000000000000000053
:20981600000000000000000000000000000000000000000000000000000000000000000032
:20983600000000000000000000000000000000000000000000000000000000000000000012
:0d9856000000000000000000000000000005
:209863000000000000000000000000000000000000000000000000000000000000000000e5
:209883000000000000000000000000000000000000000000000000000000000000000000c5
:2098a3000000000000000000000000000000000000000000000000000000000000000000a5
:0d98c3000000000000000000000000000098
:2098d000000000000000000000000000000000000000000000000000000000000000000078
:2098f000000000000000000000000000000000000000000000000000000000000000000058
:20991000000000000000000000000000000000000000000000000000000000000000000037
:0d993000000000000000000000000000002a
:20993d0000000000000000000000000000000000000000000000000000000000000000000a
:20995d000000000000000000000000000000000000000000000000000000000000000000ea
:20997d000000000000000000000000000000000000000000000000000000000000000000ca
:0d999d0000000000000000000000000000bd
:2099aa0000000000000000000000000000000000000000000000000000000000000000009d
:2099ca0000000000000000000000000000000000000000000000000000000000000000007d
:2099ea0000000000000000000000000000000000000000000000000000000000000000005d
:0d9a0a00000000000000000000000000004f
:209a170000000000000000000000000000000000000000000000000000000000000000002f
:209a370000000000000000000000000000000000000000000000000000000000000000000f
:209a57000000000000000000000000000000000000000000000000000000000000000000ef
:0d9a770000000000000000000000000000e2
:209a84000000000000000000000000000000000000000000000000000000000000000000c2
:209aa4000000000000000000000000000000000000000000000000000000000000000000a2
:209ac400000000000000000000000000000000000000000000000000000000000000000082
:0d9ae4000000000000000000000000000075
:209af100000000000000000000000000000000000000000000000000000000000000000055
:209b1100000000000000000000000000000000000000000000000000000000000000000034
:209b3100000000000000000000000000000000000000000000000000000000000000000014
:0d9b51000000000000000000000000000007
:209b5e000000000000000000000000000000000000000000000000000000000000000000e7
:209b7e000000000000000000000000000000000000000000000000000000000000000000c7
:209b9e000000000000000000000000000000000000000000000000000000000000000000a7
:0d9bbe00000000000000000000000000009a
:209bcb0000000000000000000000000000000000000000000000000000000000000000007a
:209beb0000000000000000000000000000000000000000000000000000000000000000005a
:209c0b00000000000000000000000000000000000000000000000000000000000000000039
:0d9c2b00000000000000000000000000002c
:209c380000000000000000000000000000000000000000000000000000000000000000000c
:209c58000000000000000000000000000000000000000000000000000000000000000000ec
:209c78000000000000000000000000000000000000000000000000000000000000000000cc
:0d9c980000000000000000000000000200bd
:209ca50000000000000000000000000000000000000000000000000000000000000000009f
:209cc50000000000000000000000000000000000000000000000000000000000000000007f
:209ce50000000000000000000000000000000000000000000000000000000000000000005f
:0d9d05000000000000000000000000000051
:209d1200000000000000000000000000000000000000000000000000000000000000000031
:209d3200000000000000000000000000000000000000000000000000000000000000000011
:209d52000000000000000000000000000000000000000000000000000000000000000000f1
:0d9d720000000000000000000000000000e4
:209d7f000000000000000000000000000000000000000000000000000000000000000000c4
:209d9f000000000000000000000000000000000000000000000000000000000000000000a4
:209dbf00000000000000000000000000000000000000000000000000000000000000000084
:0d9ddf000000000000000000000000000077
:209dec00000000000000000000000000000000000000000000000000000000000000000057
:209e0c00000000000000000000000000000000000000000000000000000000000000000036
:209e2c00000000000000000000000000000000000000000000000000000000000000000016
:0d9e4c000000000000000000000000000009
:209e59000000000000000000000000000000000000000000000000000000000000000000e9
:209e79000000000000000000000000000000000000000000000000000000000000000000c9
:209e99000000000000000000000000000000000000000000000000000000000000000000a9
:0d9eb900000000000000000000000000009c
:209ec60000000000000000000000000000000000000000000000000000000000000000007c
:209ee60000000000000000000000000000000000000000000000000000000000000000005c
:209f060000000000000000000000000000000000000000000000000000000000000000003b
:0d9f2600000000000000000000000000002e
:209f330000000000000000000000000000000000000000000000000000000000000000000e
:209f53000000000000000000000000000000000000000000000000000000000000000000ee
:209f73000000000000000000000000000000000000000000000000000000000000000000ce
:0d9f930000000000000000000000000000c1
:209fa0000000000000000000000000000000000000000000000000000000000000000000a1
:209fc000000000000000000000000000000000000000000000000000000000000000000081
:209fe000000000000000000000000000000000000000000000000000000000000000000061
:0da000000000000000000000000000000053
:20a00d00000000000000000000000000000000000000000000000000000000000000000033
:20a02d00000000000000000000000000000000000000000000000000000000000000000013
:20a04d000000000000000000000000000000000000000000000000000000000000000000f3
:0da06d0000000000000000000000000000e6
:20a07a000000000000000000000000000000000000000000000000000000000000000000c6
:20a09a000000000000000000000000000000000000000000000000000000000000000000a6
:20a0ba00000000000000000000000000000000000000000000000000000000000000000086
:0da0da000000000000000000000000000079
:20a0e700000000000000000000000000000000000000000000000000000000000000000059
:20a10700000000000000000000000000000000000000000000000000000000000000000038
:20a12700000000000000000000000000000000000000000000000000000000000000000018
:0da14700000000000000000000000000000b
:20a154000000000000000000000000000000000000000000000000000000000000000000eb
:20a174000000000000000000000000000000000000000000000000000000000000000000cb
:20a194000000000000000000000000000000000000000000000000000000000000000000ab
:0da1b400000000000000000000000000009e
:20a1c10000000000000000000000000000000000000000000000000000000000000000007e
:20a1e10000000000000000000000000000000000000000000000000000000000000000005e
:20a2010000000000000000000000000000000000000000000000000000000000000000003d
:0da221000000000000000000000000000030
:20a22e00000000000000000000000000000000000000000000000000000000000000000010
:20a24e000000000000000000000000000000000000000000000000000000000000000000f0
:20a26e000000000000000000000000000000000000000000000000000000000000000000d0
:0da28e0000000000000000000000000000c3
:20a29b000000000000000000000000000000000000000000000000000000000000000000a3
:20a2bb00000000000000000000000000000000000000000000000000000000000000000083
:20a2db00000000000000000000000000000000000000000000000000000000000000000063
:0da2fb000000000000000000000000000056
:20a30800000000000000000000000000000000000000000000000000000000000000000035
:20a32800000000000000000000000000000000000000000000000000000000000000000015
:20a348000000000000000000000000000000000000000000000000000000000000000000f5
:0da3680000000000000000000000000000e8
:20a375000000000000000000000000000000000000000000000000000000000000000000c8
:20a395000000000000000000000000000000000000000000000000000000000000000000a8
:20a3b500000000000000000000000000000000000000000000000000000000000000000088
:0da3d500000000000000000000000000007b
:20a3e20000000000000000000000000000000000000000000000000000000000000000005b
:20a4020000000000000000000000000000000000000000000000000000000000000000003a
:20a4220000000000000000000000000000000000000000000000000000000000000000001a
:0da44200000000000000000000000000000d
:20a44f000000000000000000000000000000000000000000000000000000000000000000ed
:20a46f000000000000000000000000000000000000000000000000000000000000000000cd
:20a48f000000000000000000000000000000000000000000000000000000000000000000ad
:0da4af0000000000000000000000000000a0
:20a4bc00000000000000000000000000000000000000000000000000000000000000000080
:20a4dc00000000000000000000000000000000000000000000000000000000000000000060
:20a4fc00000000000000000000000000000000000000000000000000000000000000000040
:0da51c000000000000000000000000000032
:20a52900000000000000000000000000000000000000000000000000000000000000000012
:20a549000000000000000000000000000000000000000000000000000000000000000000f2
:20a569000000000000000000000000000000000000000000000000000000000000000000d2
:0da5890000000000000000000000000000c5
:20a596000000000000000000000000000000000000000000000000000000000000000000a5
:20a5b600000000000000000000000000000000000000000000000000000000000000000085
:20a5d600000000000000000000000000000000000000000000000000000000000000000065
:0da5f6000000000000000000000000000058
:20a60300000000000000000000000000000000000000000000000000000000000000000037
:20a62300000000000000000000000000000000000000000000000000000000000000000017
:20a643000000000000000000000000000000000000000000000000000000000000000000f7
:0da6630000000000000000000000000000ea
:20a670000000000000000000000000000000000000000000000000000000000000000000ca
:20a690000000000000000000000000000000000000000000000000000000000000000000aa
:20a6b00000000000000000000000000000000000000000000000000000000000000000008a
:0da6d000000000000000000000000000007d
:20a6dd0000000000000000000000000000000000000000000000000000000000000000005d
:20a6fd0000000000000000000000000000000000000000000000000000000000000000003d
:20a71d0000000000000000000000000000000000000000000000000000000000000000001c
:0da73d00000000000000000000000000000f
:20a74a000000000000000000000000000000000000000000000000000000000000000000ef
:20a76a000000000000000000000000000000000000000000000000000000000000000000cf
:20a78a000000000000000000000000000000000000000000000000000000000000000000af
:0da7aa0000000000000000000000000000a2
:20a7b700000000000000000000000000000000000000000000000000000000000000000082
:20a7d700000000000000000000000000000000000000000000000000000000000000000062
:20a7f700000000000000000000000000000000000000000000000000000000000000000042
:0da817000000000000000000000000000034
:20a82400000000000000000000000000000000000000000000000000000000000000000014
:20a844000000000000000000000000000000000000000000000000000000000000000000f4
:20a864000000000000000000000000000000000000000000000000000000000000000000d4
:0da8840000000000000000000000000000c7
:20a891000000000000000000000000000000000000000000000000000000000000000000a7
:20a8b100000000000000000000000000000000000000000000000000000000000000000087
:20a8d100000000000000000000000000000000000000000000000000000000000000000067
:0da8f100000000000000000000000000005a
:20a8fe0000000000000000000000000000000000000000000000000000000000000000003a
:20a91e00000000000000000000000000000000000000000000000000000000000000000019
:20a93e000000000000000000000000000000000000000000000000000000000000000000f9
:0da95e0000000000000000000000000000ec
:20a96b000000000000000000000000000000000000000000000000000000000000000000cc
:20a98b000000000000000000000000000000000000000000000000000000000000000000ac
:20a9ab0000000000000000000000000000000000000000000000000000000000000000008c
:0da9cb00000000000000000000000000007f
:20a9d80000000000000000000000000000000000000000000000000000000000000000005f
:20a9f80000000000000000000000000000000000000000000000000000000000000000003f
:20aa180000000000000000000000000000000000000000000000000000000000000000001e
:0daa38000000000000000000000000000011
:20aa45000000000000000000000000000000000000000000000000000000000000000000f1
:20aa65000000000000000000000000000000000000000000000000000000000000000000d1
:20aa85000000000000000000000000000000000000000000000000000000000000000000b1
:0daaa50000000000000000000000000000a4
:20aab200000000000000000000000000000000000000000000000000000000000000000084
:20aad200000000000000000000000000000000000000000000000000000000000000000064
:20aaf200000000000000000000000000000000000000000000000000000000000000000044
:0dab12000000000000000000000000000036
:20ab1f00000000000000000000000000000000000000000000000000000000000000000016
:20ab3f000000000000000000000000000000000000000000000000000000000000000000f6
:20ab5f000000000000000000000000000000000000000000000000000000000000000000d6
:0dab7f0000000000000000000000000000c9
:20ab8c000000000000000000000000000000000000000000000000000000000000000000a9
:20abac00000000000000000000000000000000000000000000000000000000000000000089
:20abcc00000000000000000000000000000000000000000000000000000000000000000069
:0dabec00000000000000000000000000005c
:20abf90000000000000000000000000000000000000000000000000000000000000000003c
:20ac190000000000000000000000000000000000000000000000000000000000000000001b
:20ac39000000000000000000000000000000000000000000000000000000000000000000fb
:0dac590000000000000000000000000000ee
:20ac66000000000000000000000000000000000000000000000000000000000000000000ce
:20ac86000000000000000000000000000000000000000000000000000000000000000000ae
:20aca60000000000000000000000000000000000000000000000000000000000000000008e
:0dacc6000000000000000000000000000081
:20acd300000000000000000000000000000000000000000000000000000000000000000061
:20acf300000000000000000000000000000000000000000000000000000000000000000041
:20ad1300000000000000000000000000000000000000000000000000000000000000000020
:0dad33000000000000000000000000000013
:20ad40000000000000000000000000000000000000000000000000000000000000000000f3
:20ad60000000000000000000000000000000000000000000000000000000000000000000d3
:20ad80000000000000000000000000000000000000000000000000000000000000000000b3
:0dada00000000000000000000000000000a6
:20adad00000000000000000000000000000000000000000000000000000000000000000086
:20adcd00000000000000000000000000000000000000000000000000000000000000000066
:20aded00000000000000000000000000000000000000000000000000000000000000000046
:0dae0d000000000000000000000000000038
:20ae1a00000000000000000000000000000000000000000000000000000000000000000018
:20ae3a000000000000000000000000000000000000000000000000000000000000000000f8
:20ae5a000000000000000000000000000000000000000000000000000000000000000000d8
:0dae7a0000000000000000000000000000cb
:20ae87000000000000000000000000000000000000000000000000000000000000000000ab
:20aea70000000000000000000000000000000000000000000000000000000000000000008b
:20aec70000000000000000000000000000000000000000000000000000000000000000006b
:0daee700000000000000000000000000005e
:20aef40000000000000000000000000000000000000000000000000000000000000000003e
:20af140000000000000000000000000000000000000000000000000000000000000000001d
:20af34000000000000000000000000000000000000000000000000000000000000000000fd
:0daf540000000000000000000000000000f0
:20af61000000000000000000000000000000000000000000000000000000000000000000d0
:20af81000000000000000000000000000000000000000000000000000000000000000000b0
:20afa100000000000000000000000000000000000000000000000000000000000000000090
:0dafc1000000000000000000000000000083
:20afce00000000000000000000000000000000000000000000000000000000000000000063
:20afee00000000000000000000000000000000000000000000000000000000000000000043
:20b00e00000000000000000000000000000000000000000000000000000000000000000022
:0db02e000000000000000000000000000015
:20b03b000000000000000000000000000000000000000000000000000000000000000000f5
:20b05b000000000000000000000000000000000000000000000000000000000000000000d5
:20b07b000000000000000000000000000000000000000000000000000000000000000000b5
:0db09b0000000000000000000000000000a8
:20b0a800000000000000000000000000000000000000000000000000000000000000000088
:20b0c800000000000000000000000000000000000000000000000000000000000000000068
:20b0e800000000000000000000000000000000000000000000000000000000000000000048
:0db10800000000000000000000000000003a
:20b1150000000000000000000000000000000000000000000000000000000000000000001a
:20b135000000000000000000000000000000000000000000000000000000000000000000fa
:20b155000000000000000000000000000000000000000000000000000000000000000000da
:0db1750000000000000000000000000000cd
:20b182000000000000000000000000000000000000000000000000000000000000000000ad
:20b1a20000000000000000000000000000000000000000000000000000000000000000008d
:20b1c20000000000000000000000000000000000000000000000000000000000000000006d
:0db1e2000000000000000000000000000060
:20b1ef00000000000000000000000000000000000000000000000000000000000000000040
:20b20f0000000000000000000000000000000000000000000000000000000000000000001f
:20b22f000000000000000000000000000000000000000000000000000000000000000000ff
:0db24f0000000000000000000000000000f2
:20b25c000000000000000000000000000000000000000000000000000000000000000000d2
:20b27c000000000000000000000000000000000000000000000000000000000000000000b2
:20b29c00000000000000000000000000000000000000000000000000000000000000000092
:0db2bc000000000000000000000000000085
:20b2c900000000000000000000000000000000000000000000000000000000000000000065
:20b2e900000000000000000000000000000000000000000000000000000000000000000045
:20b30900000000000000000000000000000000000000000000000000000000000000000024
:0db329000000000000000000000000000017
:20b336000000000000000000000000000000000000000000000000000000000000000000f7
:20b356000000000000000000000000000000000000000000000000000000000000000000d7
:20b376000000000000000000000000000000000000000000000000000000000000000000b7
:0db3960000000000000000000000000000aa
:20b3a30000000000000000000000000000000000000000000000000000000000000000008a
:20b3c30000000000000000000000000000000000000000000000000000000000000000006a
:20b3e30000000000000000000000000000000000000000000000000000000000000000004a
:0db40300000000000000000000000000003c
:20b4100000000000000000000000000000000000000000000000000000000000000000001c
:20b430000000000000000000000000000000000000000000000000000000000000000000fc
:20b450000000000000000000000000000000000000000000000000000000000000000000dc
:0db4700000000000000000000000000000cf
:20b47d000000000000000000000000000000000000000000000000000000000000000000af
:20b49d0000000000000000000000000000000000000000000000000000000000000000008f
:20b4bd0000000000000000000000000000000000000000000000000000000000000000006f
:0db4dd000000000000000000000000000062
:20b4ea00000000000000000000000000000000000000000000000000000000000000000042
:20b50a00000000000000000000000000000000000000000000000000000000000000000021
:20b52a00000000000000000000000000000000000000000000000000000000000000000001
:0db54a0000000000000000000000000000f4
:20b557000000000000000000000000000000000000000000000000000000000000000000d4
:20b577000000000000000000000000000000000000000000000000000000000000000000b4
:20b59700000000000000000000000000000000000000000000000000000000000000000094
:0db5b7000000000000000000000000000087
:20b5c400000000000000000000000000000000000000000000000000000000000000000067
:20b5e400000000000000000000000000000000000000000000000000000000000000000047
:20b60400000000000000000000000000000000000000000000000000000000000000000026
:0db624000000000000000000000000000019
:20b631000000000000000000000000000000000000000000000000000000000000000000f9
:20b651000000000000000000000000000000000000000000000000000000000000000000d9
:20b671000000000000000000000000000000000000000000000000000000000000000000b9
:0db6910000000000000000000000000000ac
:20b69e0000000000000000000000000000000000000000000000000000000000000000008c
:20b6be0000000000000000000000000000000000000000000000000000000000000000006c
:20b6de0000000000000000000000000000000000000000000000000000000000000000004c
:0db6fe00000000000000000000000000003f
:20b70b0000000000000000000000000000000000000000000000000000000000000000001e
:20b72b000000000000000000000000000000000000000000000000000000000000000000fe
:20b74b000000000000000000000000000000000000000000000000000000000000000000de
:0db76b0000000000000000000000000000d1
:20b778000000000000000000000000000000000000000000000000000000000000000000b1
:20b79800000000000000000000000000000000000000000000000000000000000000000091
:20b7b800000000000000000000000000000000000000000000000000000000000000000071
:0db7d8000000000000000000000000000064
:20b7e500000000000000000000000000000000000000000000000000000000000000000044
:20b80500000000000000000000000000000000000000000000000000000000000000000023
:20b82500000000000000000000000000000000000000000000000000000000000000000003
:0db8450000000000000000000000000000f6
:20b852000000000000000000000000000000000000000000000000000000000000000000d6
:20b872000000000000000000000000000000000000000000000000000000000000000000b6
:20b89200000000000000000000000000000000000000000000000000000000000000000096
:0db8b2000000000000000000000000000089
:20b8bf00000000000000000000000000000000000000000000000000000000000000000069
:20b8df00000000000000000000000000000000000000000000000000000000000000000049
:20b8ff00000000000000000000000000000000000000000000000000000000000000000029
:0db91f00000000000000000000000000001b
:20b92c000000000000000000000000000000000000000000000000000000000000000000fb
:20b94c000000000000000000000000000000000000000000000000000000000000000000db
:20b96c000000000000000000000000000000000000000000000000000000000000000000bb
:0db98c0000000000000000000000000000ae
:20b9990000000000000000000000000000000000000000000000000000000000000000008e
:20b9b90000000000000000000000000000000000000000000000000000000000000000006e
:20b9d90000000000000000000000000000000000000000000000000000000000000000004e
:0db9f9000000000000000000000000000041
:20ba0600000000000000000000000000000000000000000000000000000000000000000020
:20ba2600000000000000000000000000000000000000000000000000000000000000000000
:20ba46000000000000000000000000000000000000000000000000000000000000000000e0
:0dba660000000000000000000000000000d3
:20ba73000000000000000000000000000000000000000000000000000000000000000000b3
:20ba9300000000000000000000000000000000000000000000000000000000000000000093
:20bab300000000000000000000000000000000000000000000000000000000000000000073
:0dbad3000000000000000000000000000066
:20bae000000000000000000000000000000000000000000000000000000000000000000046
:20bb0000000000000000000000000000000000000000000000000000000000000000000025
:20bb2000000000000000000000000000000000000000000000000000000000000000000005
:0dbb400000000000000000000000000000f8
:20bb4d000000000000000000000000000000000000000000000000000000000000000000d8
:20bb6d000000000000000000000000000000000000000000000000000000000000000000b8
:20bb8d00000000000000000000000000000000000000000000000000000000000000000098
:0dbbad00000000000000000000000000008b
:20bbba0000000000000000000000000000000000000000000000000000000000000000006b
:20bbda0000000000000000000000000000000000000000000000000000000000000000004b
:20bbfa0000000000000000000000000000000000000000000000000000000000000000002b
:0dbc1a00000000000000000000000000001d
:20bc27000000000000000000000000000000000000000000000000000000000000000000fd
:20bc47000000000000000000000000000000000000000000000000000000000000000000dd
:20bc67000000000000000000000000000000000000000000000000000000000000000000bd
:0dbc870000000000000000000000000000b0
:20bc9400000000000000000000000000000000000000000000000000000000000000000090
:20bcb400000000000000000000000000000000000000000000000000000000000000000070
:20bcd400000000000000000000000000000000000000000000000000000000000000000050
:0dbcf4000000000000000000000000000043
:20bd0100000000000000000000000000000000000000000000000000000000000000000022
:20bd2100000000000000000000000000000000000000000000000000000000000000000002
:20bd41000000000000000000000000000000000000000000000000000000000000000000e2
:0dbd610000000000000000000000000000d5
:20bd6e000000000000000000000000000000000000000000000000000000000000000000b5
:20bd8e00000000000000000000000000000000000000000000000000000000000000000095
:20bdae00000000000000000000000000000000000000000000000000000000000000000075
:0dbdce000000000000000000000000000068
:20bddb00000000000000000000000000000000000000000000000000000000000000000048
:20bdfb00000000000000000000000000000000000000000000000000000000000000000028
:20be1b00000000000000000000000000000000000000000000000000000000000000000007
:0dbe3b0000000000000000000000000000fa
:20be48000000000000000000000000000000000000000000000000000000000000000000da
:20be68000000000000000000000000000000000000000000000000000000000000000000ba
:20be880000000000000000000000000000000000000000000000000000000000000000009a
:0dbea800000000000000000000000000008d
:20beb50000000000000000000000000000000000000000000000000000000000000000006d
:20bed50000000000000000000000000000000000000000000000000000000000000000004d
:20bef50000000000000000000000000000000000000000000000000000000000000000002d
:0dbf1500000000000000000000000000001f
:20bf22000000000000000000000000000000000000000000000000000000000000000000ff
:20bf42000000000000000000000000000000000000000000000000000000000000000000df
:20bf62000000000000000000000000000000000000000000000000000000000000000000bf
:0dbf820000000000000000000000000000b2
:20bf8f00000000000000000000000000000000000000000000000000000000000000000092
:20bfaf00000000000000000000000000000000000000000000000000000000000000000072
:20bfcf00000000000000000000000000000000000000000000000000000000000000000052
:0dbfef000000000000000000000000000045
:20bffc00000000000000000000000000000000000000000000000000000000000000000025
:20c01c00000000000000000000000000000000000000000000000000000000000000000004
:20c03c000000000000000000000000000000000000000000000000000000000000000000e4
:0dc05c0000000000000000000000000000d7
:20c069000000000000000000000000000000000000000000000000000000000000000000b7
:20c08900000000000000000000000000000000000000000000000000000000000000000097
:20c0a900000000000000000000000000000000000000000000000000000000000000000077
:0dc0c900000000000000000000000000006a
:20c0d60000000000000000000000000000000000000000000000000000000000000000004a
:20c0f60000000000000000000000000000000000000000000000000000000000000000002a
:20c11600000000000000000000000000000000000000000000000000000000000000000009
:0dc1360000000000000000000000000000fc
:20c143000000000000000000000000000000000000000000000000000000000000000000dc
:20c163000000000000000000000000000000000000000000000000000000000000000000bc
:20c1830000000000000000000000000000000000000000000000000000000000000000009c
:0dc1a300000000000000000000000000008f
:20c1b00000000000000000000000000000000000000000000000000000000000000000006f
:20c1d00000000000000000000000000000000000000000000000000000000000000000004f
:20c1f00000000000000000000000000000000000000000000000000000000000000000002f
:0dc210000000000000000000000000000021
:20c21d00000000000000000000000000000000000000000000000000000000000000000001
:20c23d000000000000000000000000000000000000000000000000000000000000000000e1
:20c25d000000000000000000000000000000000000000000000000000000000000000000c1
:0dc27d0000000000000000000000000000b4
:20c28a00000000000000000000000000000000000000000000000000000000000000000094
:20c2aa00000000000000000000000000000000000000000000000000000000000000000074
:20c2ca00000000000000000000000000000000000000000000000000000000000000000054
:0dc2ea000000000000000000000000000047
:20c2f700000000000000000000000000000000000000000000000000000000000000000027
:20c31700000000000000000000000000000000000000000000000000000000000000000006
:20c337000000000000000000000000000000000000000000000000000000000000000000e6
:0dc3570000000000000000000000000000d9
:20c364000000000000000000000000000000000000000000000000000000000000000000b9
:20c38400000000000000000000000000000000000000000000000000000000000000000099
:20c3a400000000000000000000000000000000000000000000000000000000000000000079
:0dc3c400000000000000000000000000006c
:20c3d10000000000000000000000000000000000000000000000000000000000000000004c
:20c3f10000000000000000000000000000000000000000000000000000000000000000002c
:20c4110000000000000000000000000000000000000000000000000000000000000000000b
:0dc4310000000000000000000000000000fe
:20c43e000000000000000000000000000000000000000000000000000000000000000000de
:20c45e000000000000000000000000000000000000000000000000000000000000000000be
:20c47e0000000000000000000000000000000000000000000000000000000000000000009e
:0dc49e000000000000000000000000000091
:20c4ab00000000000000000000000000000000000000000000000000000000000000000071
:20c4cb00000000000000000000000000000000000000000000000000000000000000000051
:20c4eb00000000000000000000000000000000000000000000000000000000000000000031
:0dc50b000000000000000000000000000023
:20c51800000000000000000000000000000000000000000000000000000000000000000003
:20c538000000000000000000000000000000000000000000000000000000000000000000e3
:20c558000000000000000000000000000000000000000000000000000000000000000000c3
:0dc5780000000000000000000000000000b6
:20c58500000000000000000000000000000000000000000000000000000000000000000096
:20c5a500000000000000000000000000000000000000000000000000000000000000000076
:20c5c500000000000000000000000000000000000000000000000000000000000000000056
:0dc5e5000000000000000000000000000049
:20c5f200000000000000000000000000000000000000000000000000000000000000000029
:20c61200000000000000000000000000000000000000000000000000000000000000000008
:20c632000000000000000000000000000000000000000000000000000000000000000000e8
:0dc6520000000000000000000000000000db
:20c65f000000000000000000000000000000000000000000000000000000000000000000bb
:20c67f0000000000000000000000000000000000000000000000000000000000000000009b
:20c69f0000000000000000000000000000000000000000000000000000000000000000007b
:0dc6bf00000000000000000000000000006e
:20c6cc0000000000000000000000000000000000000000000000000000000000000000004e
:20c6ec0000000000000000000000000000000000000000000000000000000000000000002e
:20c70c0000000000000000000000000000000000000000000000000000000000000000000d
:0dc72c000000000000000000000000000000
:20c739000000000000000000000000000000000000000000000000000000000000000000e0
:20c759000000000000000000000000000000000000000000000000000000000000000000c0
:20c779000000000000000000000000000000000000000000000000000000000000000000a0
:0dc799000000000000000000000000000093
:20c7a600000000000000000000000000000000000000000000000000000000000000000073
:20c7c600000000000000000000000000000000000000000000000000000000000000000053
:20c7e600000000000000000000000000000000000000000000000000000000000000000033
:0dc806000000000000000000000000000025
:20c81300000000000000000000000000000000000000000000000000000000000000000005
:20c833000000000000000000000000000000000000000000000000000000000000000000e5
:20c853000000000000000000000000000000000000000000000000000000000000000000c5
:0dc8730000000000000000000000000000b8
:20c88000000000000000000000000000000000000000000000000000000000000000000098
:20c8a000000000000000000000000000000000000000000000000000000000000000000078
:20c8c000000000000000000000000000000000000000000000000000000000000000000058
:0dc8e000000000000000000000000000004b
:20c8ed0000000000000000000000000000000000000000000000000000000000000000002b
:20c90d0000000000000000000000000000000000000000000000000000000000000000000a
:20c92d000000000000000000000000000000000000000000000000000000000000000000ea
:0dc94d00000000000000001680c000000087
:20c95a000000000000000000000000000000000000000000000000000000000000000000bd
:20c97a0000000000000000000000000000000000000000000000000000000000000000009d
:20c99a0000000000000000000000000000000000000000000000000000000000000000007d
:0dc9ba0000000000000002a9400000000085
:20c9c700000000000000000000000000000000000000000000000000000000000000000050
:20c9e7000000000000000000000000000000000000800000000000000000000000000000b0
:20ca070000000000000000000000000000000000000000000000000000000000000000000f
:0dca27000000000000000000000000000002
:20ca34000000000000000000000000000000000000000000000000000000000000000000e2
:20ca54000000000000000000000000000000000000000000000000000000000000000000c2
:20ca74000000000000000000000000000000000000000000000000000000000000000000a2
:0dca94000000000000000000000000000095
:20caa100000000000000000000000000000000000000000000000000000000000000000075
:20cac100000000000000000000000000000000000000000000000000000000000000000055
:20cae100000000000000000000000000000000000000000000000000000000000000000035
:0dcb01000000000000000000000000000027
:20cb0e00000000000000000000000000000000000000000000000000000000000000000007
:20cb2e000000000000000000000000000000000000000000000000000000000000000000e7
:20cb4e000000000000000000000000000000000000000000000000000000000000000000c7
:0dcb6e0000000000000000000000000000ba
:20cb7b0000000000000000000000000000000000000000000000000000000000000000009a
:20cb9b0000000000000000000000000000000000000000000000000000000000000000007a
:20cbbb0000000000000000000000000000000000000000000000000000000000000000005a
:0dcbdb000000000000000000000f0000003e
:20cbe80000000000000000000000000000000000000000000000000000000000000000002d
:20cc080000000000000000000000000000000000000000000000000000000000000000000c
:20cc28000000000000000000000000000000000000000000000000000000000000000000ec
:0dcc4800000000000000000000080e0000c9
:20cc55000000000000000000000000000000000000000000000000000000000000000000bf
:20cc750000000000000000000000000000000000000000000000000000000000000000009f
:20cc950000000000000000000000000000000000000000000000000000000000000000007f
:0dccb5000000000000000000000000000072
:20ccc200000000000000000000000000000000000000000000000000000000000000000052
:20cce200000000000000000000000000000000000000000000000000000000000000000032
:20cd0200000000000000000000000000000000000000000000000000000000000000000011
:0dcd22000000000000000000000000000004
:20cd2f002000000000000000000000000000000000000000000000000000000000000000c4
:20cd4f000000000000000000000000000000000000000000000000000000000000000000c4
:20cd6f000000000000000000000000000000000000000000000000000000000000000000a4
:0dcd8f00000000000000000000000000088f
:20cd9c00203000000000000000000000000000000000000000000000000000000000000027
:20cdbc00000000000000000000000000000000000000000000000000000000000000000057
:20cddc00000000000000000000000000000000000000000000000000000000000000000037
:0dcdfc000000000000000000000000000c1e
:20ce0900000000000000000000000000000000000000000000000000000000000000000009
:20ce29000000000000000000000000000000000000000000000000000000000000000000e9
:20ce49000000000000000000000000000000000000000000000000000000000000000000c9
:0dce690000000000000000000000000004b8
:20ce760000000000000000000000000000000000000000000000000000000000000000009c
:20ce960000000000000000000000000000000000000000000000000000000000000000007c
:20ceb60000000000000000000000000000000000000000000000000000000000000000005c
:0dced600000000000000000000000000103f
:20cee30000000000000000000000000000000000000000000000000000000000000000002f
:20cf030000000000000000000000000000000000000000000000000000000000000000000e
:20cf23000000000000000000000000000000000000000000000000000000000000000000ee
:0dcf430000000000000000000000000000e1
:20cf50000000000000000000000000000000000000000000000000000000000000000000c1
:20cf70000000000000000000000000000000000000000000000000000000000000000000a1
:20cf9000000000000000000000000000000000000000000000000000000000000000000081
:0dcfb0000000000000000000000000000074
:02cfbd00000072
:03cfbf0062007f8e
:03cfc2007200807a
:02cfc500110059
:03cfc700820000e5
:02cfca00010361
:10cfcc000000000000000000000000000000000055
:10cfdc000000000000000000000000000000000045
:10cfec000000000000000000000000000000000035
:10cffc000000000000000000000000000000000025
:10d00c000000000000000000000000000000000014
:10d01c000000000000000000000000000000000004
:10d02c0000000000000000000000000000000000f4
:10d03c0000000000000000000000000000000000e4
:10d04c0000000000000000000000000000000000d4
:10d05c0000000000000000000000000000000000c4
:10d06c0000000000000000000000000000000000b4
:10d07c0000000000000000000000000000000000a4
:10d08c000000000000000000000000000000000094
:10d09c000000000000000000000000000000000084
:10d0ac000000000000000000000000000000000074
:10d0bc000000000000000000000000000000000064
:10d0cc000000000000000000000000000000000054
:10d0dc000000000000000000000000000000000044
:10d0ec000000000000000000000000000000000034
:10d0fc000000000000000000000000000000000024
:10d10c000000000000000000000000000000000013
:10d11c000000000000000000000000000000000003
:10d12c0000000000000000000000000000000000f3
:10d13c0000000000000000000000000000000000e3
:10d14c0000000000000000000000000000000000d3
:10d15c0000000000000000000000000000000000c3
:10d16c0000000000000000000000000000000000b3
:10d17c0000000000000000000000000000000000a3
:10d18c000000000000000000000000000000000093
:10d19c000000000000000000000000000000000083
:10d1ac000000000000000000000000000000000073
:10d1bc000000000000000000000000000000000063
:10d1cc000000000000000000000000000000000053
:10d1dc000000000000000000000000000000000043
:10d1ec000000000000000000000000000000000033
:10d1fc000000000000000000000000000000000023
:10d20c000000000000000000000000000000000012
:10d21c000000000000000000000000000000000002
:10d22c0000000000000000000000000000000000f2
:10d23c0000000000000000000000000000000000e2
:10d24c0000000000000000000000000000000000d2
:10d25c0000000000000000000000000000000000c2
:10d26c0000000000000000000000000000000000b2
:10d27c0000000000000000000000000000000000a2
:10d28c000000000000000000000000000000000092
:10d29c000000000000000000000000000000000082
:10d2ac000000000000000000000000000000000072
:10d2bc000000000000000000000000000000000062
:10d2cc000000000000000000000000000000000052
:10d2dc000000000000000000000000000000000042
:10d2ec000000000000000000000000000000000032
:10d2fc000000000000000000000000000000000022
:10d30c000000000000000000000000000000000011
:10d31c000000000000000000000000000000000001
:10d32c0000000000000000000000000000000000f1
:10d33c0000000000000000000000000000000000e1
:10d34c0000000000000000000000000000000000d1
:10d35c0000000000000000000000000000000000c1
:10d36c0000000000000000000000000000000000b1
:10d37c0000000000000000000000000000000000a1
:10d38c000000000000000000000000000000000091
:10d39c000000000000000000000000000000000081
:10d3ac000000000000000000000000000000000071
:10d3bc000000000000000000000000000000000061
:10d3cc000000000000000000000000000000000051
:10d3dc000000000000000000000000000000000041
:10d3ec000000000000000000000000000000000031
:10d3fc000000000000000000000000000000000021
:10d40c000000000000000000000000000000000010
:10d41c000000000000000000000000000000000000
:10d42c0000000000000000000000000000000000f0
:10d43c0000000000000000000000000000000000e0
:10d44c0000000000000000000000000000000000d0
:10d45c0000000000000000000000000000000000c0
:10d46c0000000000000000000000000000000000b0
:10d47c0000000000000000000000000000000000a0
:10d48c000000000000000000000000000000000090
:10d49c000000000000000000000000000000000080
:10d4ac000000000000000000000000000000000070
:10d4bc000000000000000000000000000000000060
:10d4cc000000000000000000000000000000000050
:10d4dc000000000000000000000000000000000040
:10d4ec000000000000000000000000000000000030
:10d4fc000000000000000000000000000000000020
:10d50c00000000000000000000000000000000000f
:10d51c0000000000000000000000000000000000ff
:10d52c0000000000000000000000000000000000ef
:10d53c0000000000000000000000000000000000df
:10d54c0000000000000000000000000000000000cf
:10d55c0000000000000000000000000000000000bf
:10d56c0000000000000000000000000000000000af
:10d57c00000000000000000000000000000000009f
:10d58c00000000000000000000000000000000008f
:10d59c00000000000000000000000000000000007f
:10d5ac00000000000000000000000000000000006f
:10d5bc00000000000000000000000000000000005f
:10d5cc00000000000000000000000000000000004f
:10d5dc00000000000000000000000000000000003f
:10d5ec00000000000000000000000000000000002f
:10d5fc00000000000000000000000000000000001f
:10d60c00000000000000000000000000000000000e
:10d61c0000000000000000000000000000000000fe
:10d62c0000000000000000000000000000000000ee
:10d63c0000000000000000000000000000000000de
:10d64c0000000000000000000000000000000000ce
:10d65c0000000000000000000000000000000000be
:10d66c0000000000000000000000000000000000ae
:10d67c00000000000000000000000000000000009e
:10d68c00000000000000000000000000000000008e
:10d69c00000000000000000000000000000000007e
:10d6ac00000000000000000000000000000000006e
:10d6bc00000000000000000000000000000000005e
:10d6cc00000000000000000000000000000000004e
:10d6dc00000000000000000000000000000000003e
:10d6ec00000000000000000000000000000000002e
:10d6fc00000000000000000000000000000000001e
:10d70c00000000000000000000000000000000000d
:10d71c0000000000000000000000000000000000fd
:10d72c0000000000000000000000000000000000ed
:10d73c0000000000000000000000000000000000dd
:10d74c0000000000000000000000000000000000cd
:10d75c0000000000000000000000000000000000bd
:10d76c0000000000000000000000000000000000ad
:10d77c00000000000000000000000000000000009d
:10d78c00000000000000000000000000000000008d
:10d79c00000000000000000000000000000000007d
:10d7ac00000000000000000000000000000000006d
:10d7bc00000000000000000000000000000000005d
:02d7cc0000005b
:03d7ce0082008056
:02d7d100010352
:10d7d3000000000000000000000000000000000046
:10d7e3000000000000000000000000000000000036
:10d7f3000000000000000000000000000000000026
:10d803000000000000000000000000000000000015
:10d813000000000000000000000000000000000005
:10d8230000000000000000000000000000000000f5
:10d8330000000000000000000000000000000000e5
:10d8430000000000000000000000000000000000d5
:10d8530000000000000000000000000000000000c5
:10d8630000000000000000000000000000000000b5
:10d8730000000000000000000000000000000000a5
:10d883000000000000000000000000000000000095
:10d893000000000000000000000000000000000085
:10d8a3000000000000000000000000000000000075
:10d8b3000000000000000000000000000000000065
:10d8c3000000000000000000000000000000000055
:10d8d3000000000000000000000000000000000045
:10d8e3000000000000000000000000000000000035
:10d8f3000000000000000000000000000000000025
:10d903000000000000000000000000000000000014
:10d913000000000000000000000000000000000004
:10d9230000000000000000000000000000000000f4
:10d9330000000000000000000000000000000000e4
:10d9430000000000000000000000000000000000d4
:10d9530000000000000000000000000000000000c4
:10d9630000000000000000000000000000000000b4
:10d9730000000000000000000000000000000000a4
:10d983000000000000000000000000000000000094
:10d993000000000000000000000000000000000084
:10d9a3000000000000000000000000000000000074
:10d9b3000000000000000000000000000000000064
:10d9c3000000000000000000000000000000000054
:10d9d3000000000000000000000000000000000044
:10d9e3000000000000000000000000000000000034
:10d9f3000000000000000000000000000000000024
:10da03000000000000000000000000000000000013
:10da13000000000000000000000000000000000003
:10da230000000000000000000000000000000000f3
:10da330000000000000000000000000000000000e3
:10da430000000000000000000000000000000000d3
:10da530000000000000000000000000000000000c3
:10da630000000000000000000000000000000000b3
:10da730000000000000000000000000000000000a3
:10da83000000000000000000000000000000000093
:10da93000000000000000000000000000000000083
:10daa3000000000000000000000000000000000073
:10dab3000000000000000000000000000000000063
:10dac3000000000000000000000000000000000053
:10dad3000000000000000000000000000000000043
:10dae3000000000000000000000000000000000033
:10daf3000000000000000000000000000000000023
:10db03000000000000000000000000000000000012
:10db13000000000000000000000000000000000002
:10db230000000000000000000000000000000000f2
:10db330000000000000000000000000000000000e2
:10db430000000000000000000000000000000000d2
:10db530000000000000000000000000000000000c2
:10db630000000000000000000000000000000000b2
:10db730000000000000000000000000000000000a2
:10db83000000000000000000000000000000000092
:10db93000000000000000000000000000000000082
:10dba3000000000000000000000000000000000072
:10dbb3000000000000000000000000000000000062
:10dbc3000000000000000000000000000000000052
:10dbd3000000000000000000000000000000000042
:10dbe3000000000000000000000000000000000032
:10dbf3000000000000000000000000000000000022
:10dc03000000000000000000000000000000000011
:10dc13000000000000000000000000000000000001
:10dc230000000000000000000000000000000000f1
:10dc330000000000000000000000000000000000e1
:10dc430000000000000000000000000000000000d1
:10dc530000000000000000000000000000000000c1
:10dc630000000000000000000000000000000000b1
:10dc730000000000000000000000000000000000a1
:10dc83000000000000000000000000000000000091
:10dc93000000000000000000000000000000000081
:10dca3000000000000000000000000000000000071
:10dcb3000000000000000000000000000000000061
:10dcc3000000000000000000000000000000000051
:10dcd3000000000000000000000000000000000041
:10dce3000000000000000000000000000000000031
:10dcf3000000000000000000000000000000000021
:10dd03000000000000000000000000000000000010
:10dd13000000000000000000000000000000000000
:10dd230000000000000000000000000000000000f0
:10dd330000000000000000000000000000000000e0
:10dd430000000000000000000000000000000000d0
:10dd530000000000000000000000000000000000c0
:10dd630000000000000000000000000000000000b0
:10dd730000000000000000000000000000000000a0
:10dd83000000000000000000000000000000000090
:10dd93000000000000000000000000000000000080
:10dda3000000000000000000000000000000000070
:10ddb3000000000000000000000000000000000060
:10ddc3000000000000000000000000000000000050
:10ddd3000000000000000000000000000000000040
:10dde3000000000000000000000000000000000030
:10ddf3000000000000000000000000000000000020
:10de0300000000000000000000000000000000000f
:10de130000000000000000000000000000000000ff
:10de230000000000000000000000000000000000ef
:10de330000000000000000000000000000000000df
:10de430000000000000000000000000000000000cf
:10de530000000000000000000000000000000000bf
:10de630000000000000000000000000000000000af
:10de7300000000000000000000000000000000009f
:10de8300000000000000000000000000000000008f
:10de9300000000000000000000000000000000007f
:10dea300000000000000000000000000000000006f
:10deb300000000000000000000000000000000005f
:10dec300000000000000000000000000000000004f
:10ded300000000000000000000000000000000003f
:10dee300000000000000000000000000000000002f
:10def300000000000000000000000000000000001f
:10df0300000000000000000000000000000000000e
:10df130000000000000000000000000000000000fe
:10df230000000000000000000000000000000000ee
:10df330000000000000000000000000000000000de
:10df430000000000000000000000000000000000ce
:10df530000000000000000000000000000000000be
:10df630000000000000000000000000000000000ae
:10df7300000000000000000000000000000000009e
:10df8300000000000000000000000000000000008e
:10df9300000000000000000000000000000000007e
:10dfa300000000000000000000000000000000006e
:10dfb300000000000000000000000000000000005e
:10dfc300000000000000000000000000000000004e
:02dfd30000004c
:02dfd500110138
:03dfd700820000c5
:02dfda00010341
:10dfdc000000000000000000000000000000000035
:10dfec000000000000000000000000000000000025
:10dffc000000000000000000000000000000000015
:10e00c000000000000000000000000000000000004
:10e01c0000000000000000000000000000000000f4
:10e02c0000000000000000000000000000000000e4
:10e03c0000000000000000000000000000000000d4
:10e04c0000000000000000000000000000000000c4
:10e05c0000000000000000000000000000000000b4
:10e06c0000000000000000000000000000000000a4
:10e07c000000000000000000000000000000000094
:10e08c000000000000000000000000000000000084
:10e09c000000000000000000000000000000000074
:10e0ac000000000000000000000000000000000064
:10e0bc000000000000000000000000000000000054
:10e0cc000000000000000000000000000000000044
:10e0dc000000000000000000000000000000000034
:10e0ec000000000000000000000000000000000024
:10e0fc000000000000000000000000000000000014
:10e10c000000000000000000000000000000000003
:10e11c0000000000000000000000000000000000f3
:10e12c0000000000000000000000000000000000e3
:10e13c0000000000000000000000000000000000d3
:10e14c0000000000000000000000000000000000c3
:10e15c0000000000000000000000000000000000b3
:10e16c0000000000000000000000000000000000a3
:10e17c000000000000000000000000000000000093
:10e18c000000000000000000000000000000000083
:10e19c000000000000000000000000000000000073
:10e1ac000000000000000000000000000000000063
:10e1bc000000000000000000000000000000000053
:10e1cc000000000000000000000000000000000043
:10e1dc000000000000000000000000000000000033
:10e1ec000000000000000000000000000000000023
:10e1fc000000000000000000000000000000000013
:10e20c000000000000000000000000000000000002
:10e21c0000000000000000000000000000000000f2
:10e22c0000000000000000000000000000000000e2
:10e23c0000000000000000000000000000000000d2
:10e24c0000000000000000000000000000000000c2
:10e25c0000000000000000000000000000000000b2
:10e26c0000000000000000000000000000000000a2
:10e27c000000000000000000000000000000000092
:10e28c000000000000000000000000000000000082
:10e29c000000000000000000000000000000000072
:10e2ac000000000000000000000000000000000062
:10e2bc000000000000000000000000000000000052
:10e2cc000000000000000000000000000000000042
:10e2dc000000000000000000000000000000000032
:10e2ec000000000000000000000000000000000022
:10e2fc000000000000000000000000000000000012
:10e30c000000000000000000000000000000000001
:10e31c0000000000000000000000000000000000f1
:10e32c0000000000000000000000000000000000e1
:10e33c0000000000000000000000000000000000d1
:10e34c0000000000000000000000000000000000c1
:10e35c0000000000000000000000000000000000b1
:10e36c0000000000000000000000000000000000a1
:10e37c000000000000000000000000000000000091
:10e38c000000000000000000000000000000000081
:10e39c000000000000000000000000000000000071
:10e3ac000000000000000000000000000000000061
:10e3bc000000000000000000000000000000000051
:10e3cc000000000000000000000000000000000041
:10e3dc000000000000000000000000000000000031
:10e3ec000000000000000000000000000000000021
:10e3fc000000000000000000000000000000000011
:10e40c000000000000000000000000000000000000
:10e41c0000000000000000000000000000000000f0
:10e42c0000000000000000000000000000000000e0
:10e43c0000000000000000000000000000000000d0
:10e44c0000000000000000000000000000000000c0
:10e45c0000000000000000000000000000000000b0
:10e46c0000000000000000000000000000000000a0
:10e47c000000000000000000000000000000000090
:10e48c000000000000000000000000000000000080
:10e49c000000000000000000000000000000000070
:10e4ac000000000000000000000000000000000060
:10e4bc000000000000000000000000000000000050
:10e4cc000000000000000000000000000000000040
:10e4dc000000000000000000000000000000000030
:10e4ec000000000000000000000000000000000020
:10e4fc000000000000000000000000000000000010
:10e50c0000000000000000000000000000000000ff
:10e51c0000000000000000000000000000000000ef
:10e52c0000000000000000000000000000000000df
:10e53c0000000000000000000000000000000000cf
:10e54c0000000000000000000000000000000000bf
:10e55c0000000000000000000000000000000000af
:10e56c00000000000000000000000000000000009f
:10e57c00000000000000000000000000000000008f
:10e58c00000000000000000000000000000000007f
:10e59c00000000000000000000000000000000006f
:10e5ac00000000000000000000000000000000005f
:10e5bc00000000000000000000000000000000004f
:10e5cc00000000000000000000000000000000003f
:10e5dc00000000000000000000000000000000002f
:10e5ec00000000000000000000000000000000001f
:10e5fc00000000000000000000000000000000000f
:10e60c0000000000000000000000000000000000fe
:10e61c0000000000000000000000000000000000ee
:10e62c0000000000000000000000000000000000de
:10e63c0000000000000000000000000000000000ce
:10e64c0000000000000000000000000000000000be
:10e65c0000000000000000000000000000000000ae
:10e66c00000000000000000000000000000000009e
:10e67c00000000000000000000000000000000008e
:10e68c00000000000000000000000000000000007e
:10e69c00000000000000000000000000000000006e
:10e6ac00000000000000000000000000000000005e
:10e6bc00000000000000000000000000000000004e
:10e6cc00000000000000000000000000000000003e
:10e6dc00000000000000000000000000000000002e
:10e6ec00000000000000000000000000000000001e
:10e6fc00000000000000000000000000000000000e
:10e70c0000000000000000000000000000000000fd
:10e71c0000000000000000000000000000000000ed
:10e72c0000000000000000000000000000000000dd
:10e73c0000000000000000000000000000000000cd
:10e74c0000000000000000000000000000000000bd
:10e75c0000000000000000000000000000000000ad
:10e76c00000000000000000000000000000000009d
:10e77c00000000000000000000000000000000008d
:10e78c00000000000000000000000000000000007d
:10e79c00000000000000000000000000000000006d
:10e7ac00000000000000000000000000000000005d
:10e7bc00000000000000000000000000000000004d
:10e7cc00000000000000000000000000000000003d
:02e7dc0000003b
:03e7de0082008036
:02e7e100010332
:10e7e3000000000000000000000000000000000026
:10e7f3000000000000000000000000000000000016
:10e803000000000000000000000000000000000005
:10e8130000000000000000000000000000000000f5
:10e8230000000000000000000000000000000000e5
:10e8330000000000000000000000000000000000d5
:10e8430000000000000000000000000000000000c5
:10e8530000000000000000000000000000000000b5
:10e8630000000000000000000000000000000000a5
:10e873000000000000000000000000000000000095
:10e883000000000000000000000000000000000085
:10e893000000000000000000000000000000000075
:10e8a3000000000000000000000000000000000065
:10e8b3000000000000000000000000000000000055
:10e8c3000000000000000000000000000000000045
:10e8d3000000000000000000000000000000000035
:10e8e3000000000000000000000000000000000025
:10e8f3000000000000000000000000000000000015
:10e903000000000000000000000000000000000004
:10e9130000000000000000000000000000000000f4
:10e9230000000000000000000000000000000000e4
:10e9330000000000000000000000000000000000d4
:10e9430000000000000000000000000000000000c4
:10e9530000000000000000000000000000000000b4
:10e9630000000000000000000000000000000000a4
:10e973000000000000000000000000000000000094
:10e983000000000000000000000000000000000084
:10e993000000000000000000000000000000000074
:10e9a3000000000000000000000000000000000064
:10e9b3000000000000000000000000000000000054
:10e9c3000000000000000000000000000000000044
:10e9d3000000000000000000000000000000000034
:10e9e3000000000000000000000000000000000024
:10e9f3000000000000000000000000000000000014
:10ea03000000000000000000000000000000000003
:10ea130000000000000000000000000000000000f3
:10ea230000000000000000000000000000000000e3
:10ea330000000000000000000000000000000000d3
:10ea430000000000000000000000000000000000c3
:10ea530000000000000000000000000000000000b3
:10ea630000000000000000000000000000000000a3
:10ea73000000000000000000000000000000000093
:10ea83000000000000000000000000000000000083
:10ea93000000000000000000000000000000000073
:10eaa3000000000000000000000000000000000063
:10eab3000000000000000000000000000000000053
:10eac3000000000000000000000000000000000043
:10ead3000000000000000000000000000000000033
:10eae3000000000000000000000000000000000023
:10eaf3000000000000000000000000000000000013
:10eb03000000000000000000000000000000000002
:10eb130000000000000000000000000000000000f2
:10eb230000000000000000000000000000000000e2
:10eb330000000000000000000000000000000000d2
:10eb430000000000000000000000000000000000c2
:10eb530000000000000000000000000000000000b2
:10eb630000000000000000000000000000000000a2
:10eb73000000000000000000000000000000000092
:10eb83000000000000000000000000000000000082
:10eb93000000000000000000000000000000000072
:10eba3000000000000000000000000000000000062
:10ebb3000000000000000000000000000000000052
:10ebc3000000000000000000000000000000000042
:10ebd3000000000000000000000000000000000032
:10ebe3000000000000000000000000000000000022
:10ebf3000000000000000000000000000000000012
:10ec03000000000000000000000000000000000001
:10ec130000000000000000000000000000000000f1
:10ec230000000000000000000000000000000000e1
:10ec330000000000000000000000000000000000d1
:10ec430000000000000000000000000000000000c1
:10ec530000000000000000000000000000000000b1
:10ec630000000000000000000000000000000000a1
:10ec73000000000000000000000000000000000091
:10ec83000000000000000000000000000000000081
:10ec93000000000000000000000000000000000071
:10eca3000000000000000000000000000000000061
:10ecb3000000000000000000000000000000000051
:10ecc3000000000000000000000000000000000041
:10ecd3000000000000000000000000000000000031
:10ece3000000000000000000000000000000000021
:10ecf3000000000000000000000000000000000011
:10ed03000000000000000000000000000000000000
:10ed130000000000000000000000000000000000f0
:10ed230000000000000000000000000000000000e0
:10ed330000000000000000000000000000000000d0
:10ed430000000000000000000000000000000000c0
:10ed530000000000000000000000000000000000b0
:10ed630000000000000000000000000000000000a0
:10ed73000000000000000000000000000000000090
:10ed83000000000000000000000000000000000080
:10ed93000000000000000000000000000000000070
:10eda3000000000000000000000000000000000060
:10edb3000000000000000000000000000000000050
:10edc3000000000000000000000000000000000040
:10edd3000000000000000000000000000000000030
:10ede3000000000000000000000000000000000020
:10edf3000000000000000000000000000000000010
:10ee030000000000000000000000000000000000ff
:10ee130000000000000000000000000000000000ef
:10ee230000000000000000000000000000000000df
:10ee330000000000000000000000000000000000cf
:10ee430000000000000000000000000000000000bf
:10ee530000000000000000000000000000000000af
:10ee6300000000000000000000000000000000009f
:10ee7300000000000000000000000000000000008f
:10ee8300000000000000000000000000000000007f
:10ee9300000000000000000000000000000000006f
:10eea300000000000000000000000000000000005f
:10eeb300000000000000000000000000000000004f
:10eec300000000000000000000000000000000003f
:10eed300000000000000000000000000000000002f
:10eee300000000000000000000000000000000001f
:10eef300000000000000000000000000000000000f
:10ef030000000000000000000000000000000000fe
:10ef130000000000000000000000000000000000ee
:10ef230000000000000000000000000000000000de
:10ef330000000000000000000000000000000000ce
:10ef430000000000000000000000000000000000be
:10ef530000000000000000000000000000000000ae
:10ef6300000000000000000000000000000000009e
:10ef7300000000000000000000000000000000008e
:10ef8300000000000000000000000000000000007e
:10ef9300000000000000000000000000000000006e
:10efa300000000000000000000000000000000005e
:10efb300000000000000000000000000000000004e
:10efc300000000000000000000000000000000003e
:10efd300000000000000000000000000000000002e
:02efe30000002c
:02efe500110217
:03efe700820000a5
:02efea00010321
:10efec000000000000000000000000000000000015
:10effc000000000000000000000000000000000005
:10f00c0000000000000000000000000000000000f4
:10f01c0000000000000000000000000000000000e4
:10f02c0000000000000000000000000000000000d4
:10f03c0000000000000000000000000000000000c4
:10f04c0000000000000000000000000000000000b4
:10f05c0000000000000000000000000000000000a4
:10f06c000000000000000000000000000000000094
:10f07c000000000000000000000000000000000084
:10f08c000000000000000000000000000000000074
:10f09c000000000000000000000000000000000064
:10f0ac000000000000000000000000000000000054
:10f0bc000000000000000000000000000000000044
:10f0cc000000000000000000000000000000000034
:10f0dc000000000000000000000000000000000024
:10f0ec000000000000000000000000000000000014
:10f0fc000000000000000000000000000000000004
:10f10c0000000000000000000000000000000000f3
:10f11c0000000000000000000000000000000000e3
:10f12c0000000000000000000000000000000000d3
:10f13c0000000000000000000000000000000000c3
:10f14c0000000000000000000000000000000000b3
:10f15c0000000000000000000000000000000000a3
:10f16c000000000000000000000000000000000093
:10f17c000000000000000000000000000000000083
:10f18c000000000000000000000000000000000073
:10f19c000000000000000000000000000000000063
:10f1ac000000000000000000000000000000000053
:10f1bc000000000000000000000000000000000043
:10f1cc000000000000000000000000000000000033
:10f1dc000000000000000000000000000000000023
:10f1ec000000000000000000000000000000000013
:10f1fc000000000000000000000000000000000003
:10f20c0000000000000000000000000000000000f2
:10f21c0000000000000000000000000000000000e2
:10f22c0000000000000000000000000000000000d2
:10f23c0000000000000000000000000000000000c2
:10f24c0000000000000000000000000000000000b2
:10f25c0000000000000000000000000000000000a2
:10f26c000000000000000000000000000000000092
:10f27c000000000000000000000000000000000082
:10f28c000000000000000000000000000000000072
:10f29c000000000000000000000000000000000062
:10f2ac000000000000000000000000000000000052
:10f2bc000000000000000000000000000000000042
:10f2cc000000000000000000000000000000000032
:10f2dc000000000000000000000000000000000022
:10f2ec000000000000000000000000000000000012
:10f2fc000000000000000000000000000000000002
:10f30c0000000000000000000000000000000000f1
:10f31c0000000000000000000000000000000000e1
:10f32c0000000000000000000000000000000000d1
:10f33c0000000000000000000000000000000000c1
:10f34c0000000000000000000000000000000000b1
:10f35c0000000000000000000000000000000000a1
:10f36c000000000000000000000000000000000091
:10f37c000000000000000000000000000000000081
:10f38c000000000000000000000000000000000071
:10f39c000000000000000000000000000000000061
:10f3ac000000000000000000000000000000000051
:10f3bc000000000000000000000000000000000041
:10f3cc000000000000000000000000000000000031
:10f3dc000000000000000000000000000000000021
:10f3ec000000000000000000000000000000000011
:10f3fc000000000000000000000000000000000001
:10f40c0000000000000000000000000000000000f0
:10f41c0000000000000000000000000000000000e0
:10f42c0000000000000000000000000000000000d0
:10f43c0000000000000000000000000000000000c0
:10f44c0000000000000000000000000000000000b0
:10f45c0000000000000000000000000000000000a0
:10f46c000000000000000000000000000000000090
:10f47c000000000000000000000000000000000080
:10f48c000000000000000000000000000000000070
:10f49c000000000000000000000000000000000060
:10f4ac000000000000000000000000000000000050
:10f4bc000000000000000000000000000000000040
:10f4cc000000000000000000000000000000000030
:10f4dc000000000000000000000000000000000020
:10f4ec000000000000000000000000000000000010
:10f4fc000000000000000000000000000000000000
:10f50c0000000000000000000000000000000000ef
:10f51c0000000000000000000000000000000000df
:10f52c0000000000000000000000000000000000cf
:10f53c0000000000000000000000000000000000bf
:10f54c0000000000000000000000000000000000af
:10f55c00000000000000000000000000000000009f
:10f56c00000000000000000000000000000000008f
:10f57c00000000000000000000000000000000007f
:10f58c00000000000000000000000000000000006f
:10f59c00000000000000000000000000000000005f
:10f5ac00000000000000000000000000000000004f
:10f5bc00000000000000000000000000000000003f
:10f5cc00000000000000000000000000000000002f
:10f5dc00000000000000000000000000000000001f
:10f5ec00000000000000000000000000000000000f
:10f5fc0000000000000000000000000000000000ff
:10f60c0000000000000000000000000000000000ee
:10f61c0000000000000000000000000000000000de
:10f62c0000000000000000000000000000000000ce
:10f63c0000000000000000000000000000000000be
:10f64c0000000000000000000000000000000000ae
:10f65c00000000000000000000000000000000009e
:10f66c00000000000000000000000000000000008e
:10f67c00000000000000000000000000000000007e
:10f68c00000000000000000000000000000000006e
:10f69c00000000000000000000000000000000005e
:10f6ac00000000000000000000000000000000004e
:10f6bc00000000000000000000000000000000003e
:10f6cc00000000000000000000000000000000002e
:10f6dc00000000000000000000000000000000001e
:10f6ec00000000000000000000000000000000000e
:10f6fc0000000000000000000000000000000000fe
:10f70c0000000000000000000000000000000000ed
:10f71c0000000000000000000000000000000000dd
:10f72c0000000000000000000000000000000000cd
:10f73c0000000000000000000000000000000000bd
:10f74c0000000000000000000000000000000000ad
:10f75c00000000000000000000000000000000009d
:10f76c00000000000000000000000000000000008d
:10f77c00000000000000000000000000000000007d
:10f78c00000000000000000000000000000000006d
:10f79c00000000000000000000000000000000005d
:10f7ac00000000000000000000000000000000004d
:10f7bc00000000000000000000000000000000003d
:10f7cc00000000000000000000000000000000002d
:10f7dc00000000000000000000000000000000001d
:02f7ec0000001b
:03f7ee0082008016
:02f7f100010312
:10f7f3000000000000000000000000000000000006
:10f8030000000000000000000000000000000000f5
:10f8130000000000000000000000000000000000e5
:10f8230000000000000000000000000000000000d5
:10f8330000000000000000000000000000000000c5
:10f8430000000000000000000000000000000000b5
:10f8530000000000000000000000000000000000a5
:10f863000000000000000000000000000000000095
:10f873000000000000000000000000000000000085
:10f883000000000000000000000000000000000075
:10f893000000000000000000000000000000000065
:10f8a3000000000000000000000000000000000055
:10f8b3000000000000000000000000000000000045
:10f8c3000000000000000000000000000000000035
:10f8d3000000000000000000000000000000000025
:10f8e3000000000000000000000000000000000015
:10f8f3000000000000000000000000000000000005
:10f9030000000000000000000000000000000000f4
:10f9130000000000000000000000000000000000e4
:10f9230000000000000000000000000000000000d4
:10f9330000000000000000000000000000000000c4
:10f9430000000000000000000000000000000000b4
:10f9530000000000000000000000000000000000a4
:10f963000000000000000000000000000000000094
:10f973000000000000000000000000000000000084
:10f983000000000000000000000000000000000074
:10f993000000000000000000000000000000000064
:10f9a3000000000000000000000000000000000054
:10f9b3000000000000000000000000000000000044
:10f9c3000000000000000000000000000000000034
:10f9d3000000000000000000000000000000000024
:10f9e3000000000000000000000000000000000014
:10f9f3000000000000000000000000000000000004
:10fa030000000000000000000000000000000000f3
:10fa130000000000000000000000000000000000e3
:10fa230000000000000000000000000000000000d3
:10fa330000000000000000000000000000000000c3
:10fa430000000000000000000000000000000000b3
:10fa530000000000000000000000000000000000a3
:10fa63000000000000000000000000000000000093
:10fa73000000000000000000000000000000000083
:10fa83000000000000000000000000000000000073
:10fa93000000000000000000000000000000000063
:10faa3000000000000000000000000000000000053
:10fab3000000000000000000000000000000000043
:10fac3000000000000000000000000000000000033
:10fad3000000000000000000000000000000000023
:10fae3000000000000000000000000000000000013
:10faf3000000000000000000000000000000000003
:10fb030000000000000000000000000000000000f2
:10fb130000000000000000000000000000000000e2
:10fb230000000000000000000000000000000000d2
:10fb330000000000000000000000000000000000c2
:10fb430000000000000000000000000000000000b2
:10fb530000000000000000000000000000000000a2
:10fb63000000000000000000000000000000000092
:10fb73000000000000000000000000000000000082
:10fb83000000000000000000000000000000000072
:10fb93000000000000000000000000000000000062
:10fba3000000000000000000000000000000000052
:10fbb3000000000000000000000000000000000042
:10fbc3000000000000000000000000000000000032
:10fbd3000000000000000000000000000000000022
:10fbe3000000000000000000000000000000000012
:10fbf3000000000000000000000000000000000002
:10fc030000000000000000000000000000000000f1
:10fc130000000000000000000000000000000000e1
:10fc230000000000000000000000000000000000d1
:10fc330000000000000000000000000000000000c1
:10fc430000000000000000000000000000000000b1
:10fc530000000000000000000000000000000000a1
:10fc63000000000000000000000000000000000091
:10fc73000000000000000000000000000000000081
:10fc83000000000000000000000000000000000071
:10fc93000000000000000000000000000000000061
:10fca3000000000000000000000000000000000051
:10fcb3000000000000000000000000000000000041
:10fcc3000000000000000000000000000000000031
:10fcd3000000000000000000000000000000000021
:10fce3000000000000000000000000000000000011
:10fcf3000000000000000000000000000000000001
:10fd030000000000000000000000000000000000f0
:10fd130000000000000000000000000000000000e0
:10fd230000000000000000000000000000000000d0
:10fd330000000000000000000000000000000000c0
:10fd430000000000000000000000000000000000b0
:10fd530000000000000000000000000000000000a0
:10fd63000000000000000000000000000000000090
:10fd73000000000000000000000000000000000080
:10fd83000000000000000000000000000000000070
:10fd93000000000000000000000000000000000060
:10fda3000000000000000000000000000000000050
:10fdb3000000000000000000000000000000000040
:10fdc3000000000000000000000000000000000030
:10fdd3000000000000000000000000000000000020
:10fde3000000000000000000000000000000000010
:10fdf3000000000000000000000000000000000000
:10fe030000000000000000000000000000000000ef
:10fe130000000000000000000000000000000000df
:10fe230000000000000000000000000000000000cf
:10fe330000000000000000000000000000000000bf
:10fe430000000000000000000000000000000000af
:10fe5300000000000000000000000000000000009f
:10fe6300000000000000000000000000000000008f
:10fe7300000000000000000000000000000000007f
:10fe8300000000000000000000000000000000006f
:10fe9300000000000000000000000000000000005f
:10fea300000000000000000000000000000000004f
:10feb300000000000000000000000000000000003f
:10fec300000000000000000000000000000000002f
:10fed300000000000000000000000000000000001f
:10fee300000000000000000000000000000000000f
:10fef30000000000000000000000000000000000ff
:10ff030000000000000000000000000000000000ee
:10ff130000000000000000000000000000000000de
:10ff230000000000000000000000000000000000ce
:10ff330000000000000000000000000000000000be
:10ff430000000000000000000000000000000000ae
:10ff5300000000000000000000000000000000009e
:10ff6300000000000000000000000000000000008e
:10ff7300000000000000000000000000000000007e
:10ff8300000000000000000000000000000000006e
:10ff9300000000000000000000000000000000005e
:10ffa300000000000000000000000000000000004e
:10ffb300000000000000000000000000000000003e
:10ffc300000000000000000000000000000000002e
:10ffd300000000000000000000000000000000001e
:10ffe300000000000000000000000000000000000e
:02fff30000000c
:02fff5001103f6
:03fff70082000085
:02fffa00010301
:04fffc000000000001
:020000040002f8
:0c000000000000000000000000000000f4
:10000c0000000000000000000000000000000000e4
:10001c0000000000000000000000000000000000d4
:10002c0000000000000000000000000000000000c4
:10003c0000000000000000000000000000000000b4
:10004c0000000000000000000000000000000000a4
:10005c000000000000000000000000000000000094
:10006c000000000000000000000000000000000084
:10007c000000000000000000000000000000000074
:10008c000000000000000000000000000000000064
:10009c000000000000000000000000000000000054
:1000ac000000000000000000000000000000000044
:1000bc000000000000000000000000000000000034
:1000cc000000000000000000000000000000000024
:1000dc000000000000000000000000000000000014
:1000ec000000000000000000000000000000000004
:1000fc0000000000000000000000000000000000f4
:10010c0000000000000000000000000000000000e3
:10011c0000000000000000000000000000000000d3
:10012c0000000000000000000000000000000000c3
:10013c0000000000000000000000000000000000b3
:10014c0000000000000000000000000000000000a3
:10015c000000000000000000000000000000000093
:10016c000000000000000000000000000000000083
:10017c000000000000000000000000000000000073
:10018c000000000000000000000000000000000063
:10019c000000000000000000000000000000000053
:1001ac000000000000000000000000000000000043
:1001bc000000000000000000000000000000000033
:1001cc000000000000000000000000000000000023
:1001dc000000000000000000000000000000000013
:1001ec000000000000000000000000000000000003
:1001fc0000000000000000000000000000000000f3
:10020c0000000000000000000000000000000000e2
:10021c0000000000000000000000000000000000d2
:10022c0000000000000000000000000000000000c2
:10023c0000000000000000000000000000000000b2
:10024c0000000000000000000000000000000000a2
:10025c000000000000000000000000000000000092
:10026c000000000000000000000000000000000082
:10027c000000000000000000000000000000000072
:10028c000000000000000000000000000000000062
:10029c000000000000000000000000000000000052
:1002ac000000000000000000000000000000000042
:1002bc000000000000000000000000000000000032
:1002cc000000000000000000000000000000000022
:1002dc000000000000000000000000000000000012
:1002ec000000000000000000000000000000000002
:1002fc0000000000000000000000000000000000f2
:10030c0000000000000000000000000000000000e1
:10031c0000000000000000000000000000000000d1
:10032c0000000000000000000000000000000000c1
:10033c0000000000000000000000000000000000b1
:10034c0000000000000000000000000000000000a1
:10035c000000000000000000000000000000000091
:10036c000000000000000000000000000000000081
:10037c000000000000000000000000000000000071
:10038c000000000000000000000000000000000061
:10039c000000000000000000000000000000000051
:1003ac000000000000000000000000000000000041
:1003bc000000000000000000000000000000000031
:1003cc000000000000000000000000000000000021
:1003dc000000000000000000000000000000000011
:1003ec000000000000000000000000000000000001
:1003fc0000000000000000000000000000000000f1
:10040c0000000000000000000000000000000000e0
:10041c0000000000000000000000000000000000d0
:10042c0000000000000000000000000000000000c0
:10043c0000000000000000000000000000000000b0
:10044c0000000000000000000000000000000000a0
:10045c000000000000000000000000000000000090
:10046c000000000000000000000000000000000080
:10047c000000000000000000000000000000000070
:10048c000000000000000000000000000000000060
:10049c000000000000000000000000000000000050
:1004ac000000000000000000000000000000000040
:1004bc000000000000000000000000000000000030
:1004cc000000000000000000000000000000000020
:1004dc000000000000000000000000000000000010
:1004ec000000000000000000000000000000000000
:1004fc0000000000000000000000000000000000f0
:10050c0000000000000000000000000000000000df
:10051c0000000000000000000000000000000000cf
:10052c0000000000000000000000000000000000bf
:10053c0000000000000000000000000000000000af
:10054c00000000000000000000000000000000009f
:10055c00000000000000000000000000000000008f
:10056c00000000000000000000000000000000007f
:10057c00000000000000000000000000000000006f
:10058c00000000000000000000000000000000005f
:10059c00000000000000000000000000000000004f
:1005ac00000000000000000000000000000000003f
:1005bc00000000000000000000000000000000002f
:1005cc00000000000000000000000000000000001f
:1005dc00000000000000000000000000000000000f
:1005ec0000000000000000000000000000000000ff
:1005fc0000000000000000000000000000000000ef
:10060c0000000000000000000000000000000000de
:10061c0000000000000000000000000000000000ce
:10062c0000000000000000000000000000000000be
:10063c0000000000000000000000000000000000ae
:10064c00000000000000000000000000000000009e
:10065c00000000000000000000000000000000008e
:10066c00000000000000000000000000000000007e
:10067c00000000000000000000000000000000006e
:10068c00000000000000000000000000000000005e
:10069c00000000000000000000000000000000004e
:1006ac00000000000000000000000000000000003e
:1006bc00000000000000000000000000000000002e
:1006cc00000000000000000000000000000000001e
:1006dc00000000000000000000000000000000000e
:1006ec0000000000000000000000000000000000fe
:1006fc0000000000000000000000000000000000ee
:10070c0000000000000000000000000000000000dd
:10071c0000000000000000000000000000000000cd
:10072c0000000000000000000000000000000000bd
:10073c0000000000000000000000000000000000ad
:10074c00000000000000000000000000000000009d
:10075c00000000000000000000000000000000008d
:10076c00000000000000000000000000000000007d
:10077c00000000000000000000000000000000006d
:10078c00000000000000000000000000000000005d
:10079c00000000000000000000000000000000004d
:1007ac00000000000000000000000000000000003d
:1007bc00000000000000000000000000000000002d
:1007cc00000000000000000000000000000000001d
:1007dc00000000000000000000000000000000000d
:1007ec0000000000000000000000000000000000fd
:0207fc000000fb
:0307fe00820080f6
:020801000103f1
:1008030000000000000000000000000000000000e5
:1008130000000000000000000000000000000000d5
:1008230000000000000000000000000000000000c5
:1008330000000000000000000000000000000000b5
:1008430000000000000000000000000000000000a5
:100853000000000000000000000000000000000095
:100863000000000000000000000000000000000085
:100873000000000000000000000000000000000075
:100883000000000000000000000000000000000065
:100893000000000000000000000000000000000055
:1008a3000000000000000000000000000000000045
:1008b3000000000000000000000000000000000035
:1008c3000000000000000000000000000000000025
:1008d3000000000000000000000000000000000015
:1008e3000000000000000000000000000000000005
:1008f30000000000000000000000000000000000f5
:1009030000000000000000000000000000000000e4
:1009130000000000000000000000000000000000d4
:1009230000000000000000000000000000000000c4
:1009330000000000000000000000000000000000b4
:1009430000000000000000000000000000000000a4
:100953000000000000000000000000000000000094
:100963000000000000000000000000000000000084
:100973000000000000000000000000000000000074
:100983000000000000000000000000000000000064
:100993000000000000000000000000000000000054
:1009a3000000000000000000000000000000000044
:1009b3000000000000000000000000000000000034
:1009c3000000000000000000000000000000000024
:1009d3000000000000000000000000000000000014
:1009e3000000000000000000000000000000000004
:1009f30000000000000000000000000000000000f4
:100a030000000000000000000000000000000000e3
:100a130000000000000000000000000000000000d3
:100a230000000000000000000000000000000000c3
:100a330000000000000000000000000000000000b3
:100a430000000000000000000000000000000000a3
:100a53000000000000000000000000000000000093
:100a63000000000000000000000000000000000083
:100a73000000000000000000000000000000000073
:100a83000000000000000000000000000000000063
:100a93000000000000000000000000000000000053
:100aa3000000000000000000000000000000000043
:100ab3000000000000000000000000000000000033
:100ac3000000000000000000000000000000000023
:100ad3000000000000000000000000000000000013
:100ae3000000000000000000000000000000000003
:100af30000000000000000000000000000000000f3
:100b030000000000000000000000000000000000e2
:100b130000000000000000000000000000000000d2
:100b230000000000000000000000000000000000c2
:100b330000000000000000000000000000000000b2
:100b430000000000000000000000000000000000a2
:100b53000000000000000000000000000000000092
:100b63000000000000000000000000000000000082
:100b73000000000000000000000000000000000072
:100b83000000000000000000000000000000000062
:100b93000000000000000000000000000000000052
:100ba3000000000000000000000000000000000042
:100bb3000000000000000000000000000000000032
:100bc3000000000000000000000000000000000022
:100bd3000000000000000000000000000000000012
:100be3000000000000000000000000000000000002
:100bf30000000000000000000000000000000000f2
:100c030000000000000000000000000000000000e1
:100c130000000000000000000000000000000000d1
:100c230000000000000000000000000000000000c1
:100c330000000000000000000000000000000000b1
:100c430000000000000000000000000000000000a1
:100c53000000000000000000000000000000000091
:100c63000000000000000000000000000000000081
:100c73000000000000000000000000000000000071
:100c83000000000000000000000000000000000061
:100c93000000000000000000000000000000000051
:100ca3000000000000000000000000000000000041
:100cb3000000000000000000000000000000000031
:100cc3000000000000000000000000000000000021
:100cd3000000000000000000000000000000000011
:100ce3000000000000000000000000000000000001
:100cf30000000000000000000000000000000000f1
:100d030000000000000000000000000000000000e0
:100d130000000000000000000000000000000000d0
:100d230000000000000000000000000000000000c0
:100d330000000000000000000000000000000000b0
:100d430000000000000000000000000000000000a0
:100d53000000000000000000000000000000000090
:100d63000000000000000000000000000000000080
:100d73000000000000000000000000000000000070
:100d83000000000000000000000000000000000060
:100d93000000000000000000000000000000000050
:100da3000000000000000000000000000000000040
:100db3000000000000000000000000000000000030
:100dc3000000000000000000000000000000000020
:100dd3000000000000000000000000000000000010
:100de3000000000000000000000000000000000000
:100df30000000000000000000000000000000000f0
:100e030000000000000000000000000000000000df
:100e130000000000000000000000000000000000cf
:100e230000000000000000000000000000000000bf
:100e330000000000000000000000000000000000af
:100e4300000000000000000000000000000000009f
:100e5300000000000000000000000000000000008f
:100e6300000000000000000000000000000000007f
:100e7300000000000000000000000000000000006f
:100e8300000000000000000000000000000000005f
:100e9300000000000000000000000000000000004f
:100ea300000000000000000000000000000000003f
:100eb300000000000000000000000000000000002f
:100ec300000000000000000000000000000000001f
:100ed300000000000000000000000000000000000f
:100ee30000000000000000000000000000000000ff
:100ef30000000000000000000000000000000000ef
:100f030000000000000000000000000000000000de
:100f130000000000000000000000000000000000ce
:100f230000000000000000000000000000000000be
:100f330000000000000000000000000000000000ae
:100f4300000000000000000000000000000000009e
:100f5300000000000000000000000000000000008e
:100f6300000000000000000000000000000000007e
:100f7300000000000000000000000000000000006e
:100f8300000000000000000000000000000000005e
:100f9300000000000000000000000000000000004e
:100fa300000000000000000000000000000000003e
:100fb300000000000000000000000000000000002e
:100fc300000000000000000000000000000000001e
:100fd300000000000000000000000000000000000e
:100fe30000000000000000000000000000000000fe
:100ff30000000000000000000000000000000000ee
:021003000000eb
:0110050022c8
:021006008d73e8
:021008000106df
:00000001FF
